{
	"data": [{
		"topic": "sarcomatoid pyridyl Bearing  ",
		"authors": "Carrie M Nielson, Moon Suk Choi, Michele Chan, Xing Zhang, Shinichiro Matsuguma, Joshua Anderson, S Bouwhuis, Marcin Wieczorek, Harry P Cintineo, Casey Slattery, Hyeonhee Roh, Christian Steinberg, Kwang-Jun Kwon, Jennifer Ma, Nishant Verma, Hafza Tola, Donghua Zou, Alba Guti\u00e9rrez-Sacrist\u00e1n, Bowen Su, Xiaodan Wang, Da Som Kim, Nolan Mann, Yirui Hu, Cristina Cruz, Gang Liu, Thomas Mattern, Nandini Singarapu, Rachel P Guimar\u00e3es, Rieko Matsuura, Eriko Sasaki, Si Eun Lee, Lei Zhong, ZhenYun Cheng, Seda Avcioglu Barutcu, Tahn\u00e9e Engelen, Robin S S Kramer, Steve L Coles, Mariano D'Angelo, Stephen H Adamo, Anna Marszewska, Peri Korshed, Alessandra Alterisio, Larry Myers, M Polacci, Pieter Candry, Tereza Kubasova, Thorben M\u00fcller, Joshua Juvrud, Yinzhi Zhao, Xiaofei Wu, Rabia Naz, Jianjun Jiang, Sanghoon Lee, Jeroen J Stekelenburg, Tao Li, Yi-Chuan Yu, Karen S Cheung Tung Shing, Nomi L Harris, M Sazzad Hossain, Cong Li, Carmen Qui\u00f1onero L\u00f3pez, Mohammad Sohrab Hossain, Hiroshi Odaguchi, Nicole Sitkin Zelin, James M Martin, Aleksei Titov, Sorelle Audrey Kamkuimo Kengne, Johannes C Melms, Pei-Tan Hsueh, Heriberto Eddie Cruz, Julie L. Hofstra, Gustav Nestor, Lu Su, Samuele Cazzamalli, Richard Y. Liu, William Cullen, Eric D. Nacsa, Huaimin Wang, Chung-Wei Kung, Xinlong Gao, Meng-Jia Sun, Inchul Shin, Julianne L. Kitevski-LeBlanc, Adrien J. G\u00f6ttle, Matthew K. Nielsen, Mayeul Collot, Charles H. Arnett, Ting Han, Guangcheng Wu, Guoliang Liu, Jin-Wook Lee, Jordan A. DeGayner, Craig C. Robertson, Carlos Mendoza-Calder\u00f3n, Abid Houssem, Eva-Maria Lehmer, Alexey Youssef, Pilvi Laurikka, Elena R Serrano-Ib\u00e1\u00f1ez, Morke Mezgebu Etefa, Arshad H Rahmani, Irikefe Paul Obiebi, Paul Beson, Rolf Fagerberg, Vembar Dhanasekarapandian, B E Byrne, Lynsey Forsythe, Firooz Salehpour, Junpei Komagamine, Giuseppina Sgandurra, Zhiwei Chen, Amanda F Petrik, Kyunghoon Lee, Kazuno Negishi, D. Dangar, Ningning Zhao, Martinus A Beek, Ayele Tilahun, Arie O Verkerk, Marek D\u0119bosz, Chao-Ping Chen, David Gulin Neto, Marc W Deyell, Avadh Saxena, Chiara Robba, Bradley P Knight, Mohammed Abbas, Chunbin Liu, Roger Newson, Oog-Jin Shon, Li Cui, Guofeng Qian, Anwesha Banerjee, Cyril Ferdynus, Xinbei Yang, Monica Della Rosa, Michael D McPherson, Keyue Ma, Brunno M Campos, Salvatore Brugaletta, Kyunghwa Han, Yan Guo, Nomeda Girnius, Hunar Abdulrahman, Shuhui Liu, Minye Zhan, Manfred Clynes, Jerrica Mulgrew, Giuseppe di Pellegrino, Justin M Ericson, Anna Cichy, Simone Cesarz, Robert A Quinn, Sihang Qiu, Thomas J Poorten, Paolo Baragli, Surya Gayet, Gustaf Gredeb\u00e4ck, John W Schwieter, Jun-Xue Jin, Riccardo Paracampo, A M Al Subayyil, Heather Wiencko, Corey R Stinson, Simon Schliesky, Patricia Corral, Peter J Blankestijn, Nigel B Pitts, David Oscar Yawson, Carl-Peter Cri\u00e9e, Lori J Goldstein, Gabi Schaap, Hsi-Hsun Lin, Janie Gawrys, Angela M. Gronenborn, Felix R. Fischer, Daniel Carmona, Clare P. Grey, Shunji Egusa, Michael D. Ward, Jiannian Yao, Aimin Liu, Lifeng Chi, Marc T. M. Koper, Garret M. Miyake, Theodor Agapie, Konstantin Severinov, T. David Harris, Douglas Philp, Cody Chiuzan, Sangeetha Gajendran Sarah, Chiara Meneghetti, Jose William Sotelo, Jianjun Liu, Cebula Helene, James H Meyers, Karl-Heinz T B\u00e4uml, Yusur Hassan, Samar Yaseer, Samuli Nurminen, Mulat Gebrehiwot Teklu, Ahmad Almatroudi, Ebube Amalachukwu Nwannadi, Felicia Asp Tauni, Christoph Flamm, Dai Miyasaka, Makoto Samukawa, Carmen Asavoaie, Amir Mohammad Bazzazi, Laura Biagi, Zhe He, ",
		"resources": [{
			"url": "https://www.mesothelioma.com/mesothelioma/types/sarcomatoid.htm",
			"title": "Sarcomatoid Mesothelioma | Diagnosis, Prognosis & Treatment"
		}, {
			"url": "https://pubs.acs.org/doi/10.1021/acsomega.8b02313",
			"title": "Polymer-Bound 4-Pyridyl-5-hydroxyethyl-thiazole ..."
		}, {
			"url": "https://www.thomasnet.com/articles/machinery-tools-supplies/bearing-types",
			"title": "General Types of Bearings and How They Work"
		}]
	}, {
		"topic": "zeta malmquist   Late Miocene",
		"authors": "Binbin Feng, E Ottina, Melissa Desnoyers, Ashiyat Kehinde Akodu, Zachary L Benet, Mahmoud Ahmed, Sunok Moon, Mehdi Soltani Howyzeh, Diogo Monteiro, Heying Zhang, Joseph L Ward, Cleo Keppens, Juan A Serrano, Dana Krill, Xiaolin Zhao, Valentin Roustan, Eric Augusto Ito, Takuma Inai, Ayaka Ikeda, Jonna Meincke, He-Lin Xu, Leonard Westermann, Titus H Divala, Kevin Pottie, Gaohong Sheng, Xiaodong Wu, Esmeralda Abarca, Marnie Renda, Izzat Alawwa, Jiajing Wu, Chun Pong Tam, Nipa Chongdar, Arismel Tena Meza, Thomas G. Ribelli, Prasenjit Mondal, Debabrata Mukherjee, Qing Zhe Ni, Zongbi Bao, Yo Han Kwon, Shuntaro Takahashi, Yifan Lyu, Xinxin Shao, Jiong Zhou, Nathalie Mie Suzuki, Ashish C Gandhi, P\u0131nar Henden \u00c7am, Shenglong Yu, Yohanes Ayele, Mariusz Sieminski, Guanquan Lin, Yajun Li, M Sochalska, Matloob Anwar, Ali Jafari, Aleksandra Domagalik, Trang Huyen Lai, Luca Sebastianelli, Seyed Ahmad Sadat Noori, Russell M Viner, Elisabeth M C Dequeker, Melina Aparici, Galia Avidan, John M Wyma, Fangxin Chen, Peter Brugger, Manuel Hewitt, Fernando Schmitt, Line Jee Hartmann Rasmussen, Anthony Lopez, Yizeng Yang, Rajaa Dagash, J. Fraser Stoddart, Hideaki Ogata, Aidan R. McDonald, Judith Herzfeld, Banglin Chen, Timothy R. Cook, Leo Syrj\u00e4nen, Mulatu Ayana Hordofa, Wei-Shan Yeoh, Patricia Omowunmi Ayanbadejo, Ahmet Baydin, Hikaru Bolt, Helen R Stagg, Kiyoshi Suzuma, Jacek Szypenbejl, Berhe Beyene Gebrezgiabher, ",
		"resources": [{
			"url": "https://www.mesothelioma.com/mesothelioma/types/sarcomatoid.htm",
			"title": "Sarcomatoid Mesothelioma | Diagnosis, Prognosis & Treatment"
		}, {
			"url": "https://pubs.acs.org/doi/10.1021/acsomega.8b02313",
			"title": "Polymer-Bound 4-Pyridyl-5-hydroxyethyl-thiazole ..."
		}, {
			"url": "https://www.thomasnet.com/articles/machinery-tools-supplies/bearing-types",
			"title": "General Types of Bearings and How They Work"
		}]
	}, {
		"topic": "  much more microct   Fluorous Phase",
		"authors": "Chang Wang, John Brodersen, Laurence Thielemans, Jorge E G\u00f3mez, James J Tufano, Tao Liu, Donald Stanley Pearson, Bahram Kamarehie, I Made Dwinata, Rui Xi, Abhilasha Pant, Tao Zhang, Lei Zhang, Song Mei, Calum T J Ferguson, Long Zhao, Ozan M Demir, Kristie L Ebi, Hae Won Kim, Angela Landolfi, Jeehyun Yoo, Ali Nikoonahad, Tomoaki Tamada, Zakir Abdu, Aimin Li, Burcu Darst, Xiaofei Li, Simon Fuchs, Erik L Clarke, Dmitry Tarasov, Gherman V Uritskiy, Michael M Schl\u00fcssel, Wei Zhang, Soojung Chae, Sarah J Rice, Aldo Germani, Steve Leumi, Cheng-Shi Jiang, Aayush Poddar, Martin Barto\u0161, Simon J Oczkowski, Zahra Aslani, Ping Zhu, Nemanja Rajkovi\u0107, Andrew J Sutton, Concetta Elisa Onesti, Jia-Hong Wu, Xiyue Jing, Chun-Ni Fan, Xiaoli Li, Tsubasa S Matsui, Lora A Richards, Maria C Llin\u00e0s, Mohamed Ali, Yoshihiko Chiba, Weizhuang Zhou, Fernanda Cornejo-Granados, Thorunn Rafnar, Jos\u00e9 Cruz Jim\u00e9nez-Galindo, Guillaume Villatte, Wei Zhu, Shin Koyama, Elia Gatti, Robert T O'Malley, Marino Kimura, Andreas Kremling, Alan C Gange, Daniela Zanga, Vickie B Shim, Mei Gao, Sujha Subramanian, Dekel Abeles, Fernanda S Dametto, Andrei C Ionescu, Micah D Renicker, Sifan Lin, Yuta Suzuki, Mercedes Arguello Casteleiro, Shicheng Zhao, Nicole Legner, David J T Sumpter, Xiao-Jing Wei, Massimiliano Renna, Bodokhsuren Tsogbadrakh, Devendra Pandeya, Hideki Tamura, Dagmar Jarkovska, Pallab K Sarker, Wenwen Zheng, Diego Ortiz, Karlos Ishac, Christian Mayer, Nisan Ozana, Zeyao Chen, Udo Gowik, Ming-Ju Amy Lyu, Josh J Rosnow, Ling Wang, Nan Zhang, Abdurrahman M Fahmy, Marta Carretero-Ledesma, Gabriel Aguilera-Manrique, Wantong Zhang, Hayley C Prout, Victoria Cornelius, Charles Burdet, Marc Junker, Justin Hudak, Jin He, Erin Thomas, Roland C Merchant, Andrea Parriott, Akif Diri, Yan-Bei Sun, Ga Hee Kim, Mahmoud A Gaafar, Gillian Bartlett, Afrina Adlyna Mohamad-Matrol, Lars Kolbowski, Martina Penazzato, Shuntaro Sato, Yongjie Ge, Aaron R. Navratil, Xing Han, Qi Sun, Megan N. Jackson, Thijs Stuyver, Keti Vezz\u00f9, Abigail S. Knight, Aaron W. Feldman, Sangen Zhao, Amin Morteza Najarian, Lutan Liu, Mithun Paul, Seonhwa Park, Zutao Yu, Gavin R. Kiel, Aub\u00e9rie Parent, Mingzhao Chen, Gen Zhang, Ying Liu, Andrew H. Proppe, Lu Gem Gao, Can M. Buldun, Xiaocun Lu, Masamichi Tanaka, Douglas R. Nevers, Tan Yan Bing, Jingfang Zhang, Jinqiao Dong, Nathaniel H. Park, Andy A. Thomas, Andrea Kreppel, Yiqing Yang, Adam S. Weingarten, Stephen D. Holmbo, Wilma Neumann, Wenyao Zhang, Kazuto Takaishi, Lun Xu, Ansoo Lee, Hanah Na, Peng-Xiang Shen, Hyeyoung Shin, Janet R. McMillan, Nicholas C. Anderson, Xiaoxu Qi, Basri G\u00fclbakan, Xuezhen Kou, Conghui Yuan, Martin Herder, Holger Sudhoff, Pallavi Basu, Calixte Ida Penda, Atif Ali Hashmi, Giuseppe Cosentino, Kantha R Kolla, Boyong Long, Katerina Pizzuto, Katinka Becker, Docia Demmin, Temesgen Yihunie Akalu, Nigusie Fetene, Fang Zheng, Tore Tynes, Tirhas T Berehe, Marzieh Sobhani, Benjamin T James, Matthew Lander, Song Soo Yang, Mich\u00e8le Bally, Samir M Elhanbly, Celia J A Morgan, Shoaib Z Junejo, Mark S Paller, Maurizio Bruschi, John E Markert, Nicholas I Cole, Yeshalem Mulugeta Demilew, Anna Pichiecchio, Milkiyas Toru, Qiongqiong Ren, Han-Kyung Lee, Ahmar Hashmi, Daren D Molina, Stevo Roksandic, Ida Bagus Made Oka, Daibo Liu, Ruchika Tanwar, Suoyuan Li, Andrea Montanari, Mohsen Rahmani, Minkyung Kim, Tanner Yohe, Inkyum Kim, Lee Bartel, Areej A Al-Khalaf, Oluwagbemisola Marian Akindutire, Damiano Regazzoli, Erman Chen, Paris Blaisdell-Pijuan, Lewis H Ziska, Qingbai Wu, Duck Hee Kim, Paul K\u00e4hler, Kil-Byung Lim, Babak Djahed, Rei Enatsu, Teshome Kabeta, Corinne D Engelman, Jia Wan, Sierra C. Hansen, S R I Gabran, Mathew Leitch, Jocelyne DiRuggiero, Fuqing Zhou, Eun-Young Park, Salahuddin Ahmed, Fabio Libi, Chun-Lin Zhuang, Tom\u00e1\u0161 Such\u00fd, Han-Oh Chung, Sakineh Shab-Bidar, Xingyu Li, John V Lamont, Claire Josse, Pan-Pan Hao, Jiageng Chen, Kai Fu, Lei Ma, Yuewei Li, Claudia Lerma, Yuzhen Wei, Hugejile Wu, Gabriel Mart\u00ednez-Edo, Russ B Altman, Mohit Kumar, Bjarni Gunnarsson, Anne-Sophie Muller, Eijiro Narita, Elena Calzolari, Debashis Mondal, Johannes Geiselmann, Lukas H J Martin, Eve De Rosa, Kiran R Gadhave, Georgina Sanahuja, Geoff G Handsfield, Yevgeniya Kaganova, Kayoko Murata, Roy Amit, Jens B\u00f6lte, D\u00e9bora Fior, Dianne M Tracey, Lukas Greiter, Tetsuto Minami, George Demetriou, Catharina Meinen, Ao Peng, Alex Szorkovszky, Xing Tian, Timothy No\u00ebl, Xinbo Huang, Guy Avraham, Maria Castellino, Samlee Plianbangchang, Damar L L\u00f3pez-Arredondo, Qun Cai, Taisheng Du, Iman YeckehZaare, Michaela Markova, Alexander G Litvin, Kenji Suzuki, Ulrich Schreiber, Reuven Bauer, Jiajia Xu, Jana Kne\u0159ov\u00e1, Monica Arakaki, Weixian Liu, Yuzhi Wu, Doaa Ahmed El-Setouhy, Fran\u00e7oise Rogerieux, Meritxell Garc\u00eda-Quintanilla, Ver\u00f3nica V M\u00e1rquez-Hern\u00e1ndez, Baochen Zhu, Rosemary Wilson, Paul Loubet, Dominik Endres, David Rosenbaum, Nanor Minoyan, Wen-Xian Yu, Hans M Koot, Linda Ekperi, Maria C Cusimano, Manish Pareek, Mohsen Malekinejad, Banu Diri, Yuan Tao, Ji Eun Won, Kathryn Muessig, Dirk Jalas, Brenda Macgibbon, Siow-Wee Chang, Leslie F Rubin, Colin Combe, Masao Ueki, Jie-Peng Zhang, Elif Ertekin, Zhaomin Hou, Claudia Turro, Nobuo Kimizuka, Shengqian Ma, Yogesh Surendranath, Vito Di Noto, Zhixiang Wei, Jeremiah A. Johnson, Tigran V. Chalikian, Haesik Yang, Olivier Berteau, Pingshan Wang, Satoshi Horike, Masahiro Terada, Zhihui Dai, Edward H. Sargent, Larry E. Overman, Richard D. Robinson, Donghui Zhang, James L. Hedrick, Christian Ochsenfeld, Akshay Rao, Heedeok Hong, Josh Vura-Weis, Matthew R. Pratt, Sergey V. Pronin, Biao Wu, Tadashi Ema, Antonio Facchetti, Karl A. Scheidt, Richard M. Crooks, Thomas S. Teets, John Montgomery, Jonathan S. Owen, Renato Zenobi, Scott Joing, Philipp Mittmann, Carole Else Eboumbou Moukoko, Salvatore Di Marco, Simon Maltais, Ling Xu, Hannes Klarner, Hyung Sun Kim, Pedro Dias, Preeti Singh, Matthew Roch\u00e9, Kindie Fentahun Muchie, Wubegzier Mekonnen, Qing Tang, Kevin Ellsworth, Mahdi Abbas-Mohammadi, Brian B Luczak, Tarun Bastiampillai, Yeong Cheol Im, Mamdouh M Abdel-Gawad, Sandeep Singh Lubana, Cindy M Martin, Ran Heo, Harshana Liyanage, Abiot Tefera Alem, Daisuke Hirose, Giovanni Vitale, Getnet Beyene, Wayland Hsiao, ",
		"resources": [{
			"url": "https://www.mesothelioma.com/mesothelioma/types/sarcomatoid.htm",
			"title": "Sarcomatoid Mesothelioma | Diagnosis, Prognosis & Treatment"
		}, {
			"url": "https://pubs.acs.org/doi/10.1021/acsomega.8b02313",
			"title": "Polymer-Bound 4-Pyridyl-5-hydroxyethyl-thiazole ..."
		}, {
			"url": "https://www.thomasnet.com/articles/machinery-tools-supplies/bearing-types",
			"title": "General Types of Bearings and How They Work"
		}]
	}, {
		"topic": "butenyl welsh trivial",
		"authors": "Yi Wang, Lei Xu, Dina S Kondratieva, Tien-Dzung Tran, Hayati Murat Akg\u00fcl, E Nolde, Franco Blanchini, Jiemin Wang, Thomas T Joseph, Jian Xu, Kyulim Lee, J S Kayode, Lujun Chen, Hiroyuki Iijima, Wenzhen Cheng, Liang-Dar Hwang, Ying An, Sandra M A van der Salm, Xiaoming Zhang, Ashley R Robart, Magnus Kramsh\u00f8j, Amanda S Therrien, Romy Lorenz, Johannes Lohmann, Milena Rusin, Abiodun D Ogunniyi, Rachel Proffitt, Walqu\u00edria F Teixeira, Emanuela Olivieri, Wenjie Liang, Makoto Yamaguchi, Shuang Jiang, Sharon Wei Ling Lee, Se-Hyuk Park, Bowen Huang, Yulian He, Sarah S. Park, Chaofeng Zhang, Xiaohong Huo, Shan Xu, Jie Zhou, Yingxue Bian, Martin Byrdin, Claudio Gioia, Ruofei Cheng, Emre H. Discekici, Rachel C. Klet, Pan Wang, Jacob A. Kautzky, Qianjia Yuan, Miguel Ochmann, Ezra L. Clark, Ting Wen Yi Hu, Xiao-Diao Chen, Karen S Palmer, Asres Bedaso, Anil Kumar Singh, Tom\u00e1s Almorza, Jeffrey F Horowitz, Elizabeth L Dunbar, Meghana Prabhu, Subrata Pal, Juan Castro, Loren Ko\u00e7illari, Yanjie Fan, Marieke M van Buchem, Kyokun Uehara, Lihong Xu, Sergey A Afanasiev, Niamh Lynam-Lennon, Xiongbin Hu, Y Yusup, Lei Zhu, Puya Gharahkhani, Xing-Hui Wang, Johan N van der Meer, Wenwu Zhang, Blake D Jardin, Paola Monti, Mali M K McGuire, Christian N Albers, Daniel M Wolpert, Ines R Violante, Zlatko Kopecki, Michiel Wijnveld, Li Zuo, Masahiko Ando, Haishan An, Liat Cohen-Yatziv, Chih-Cheng Lai, Giulia Adriani, Osman M. Bakr, Rei Kinjo, Shaojun Dong, Wanbin Zhang, Lewis E. Kay, Richard Eisenberg, Leyu Wang, Armido Studer, Milan Mrksich, Cui Tao, Junyi Ma, Adalsteinn D Brown, Ranjan Kumar Jena, Nishikant Avinash Damle, Sajeeb Mondal, Tom P Freeman, Piero Fariselli, A Rusdi, James R Kimber, Yanming Wu, ",
		"resources": [{
			"url": "https://en.wikipedia.org/wiki/ZETA_(fusion_reactor)",
			"title": "ZETA (fusion reactor) - Wikipedia"
		}, {
			"url": "https://twitter.com/PatrikMalmquist",
			"title": "Patrik Malmquist (@PatrikMalmquist) | Twitter"
		}, {
			"url": "https://en.wikipedia.org/wiki/Late_Antiquity",
			"title": "Late antiquity - Wikipedia"
		}, {
			"url": "https://en.wikipedia.org/wiki/Hominids",
			"title": "Hominidae - Wikipedia"
		}]
	}, {
		"topic": "CRISPR/Cas9 adipic choosing",
		"authors": "Paola Bin, Kyung Jo, Ying Meng, Xin Jin, Yoichiro Fujii, Nitin B Jain, Shankar Prinja, Ja Ryung Yang, Aleksandr Danilov, Peter R Teske, Rune Sarauw Lundsgaard, Kimberly Young, Niklas Boke-Ol\u00e9n, Jonathan P Rehfuss, Bassam M Ayoub, Xuan Deng, Jian-Qiao Hong, Peng Men, Magda Gawlowska, Ricarda Seidensticker, Narges Miri, Lingzhi Li, Jin-Yuan Wu, Zhi Luo, Fran\u00e7ois P Douillard, Jin-Dong Zhao, F\u00e1bio M de Castilho, Neriman Y\u00fckselt\u00fcrk Simsek, Ying Tang, Rapha\u00ebl M Zellweger, Alexandra R Buckley, Haitao Zhu, Yimeng Zhou, Inbar Seroussi, Foon Yin Lai, Martijn Jan Schut, Jacob G Martin, Silvia Zeni, Wakako Sanefuji, Elaheh Hashemi, Adam K Bosen, Benjamin G Farrar, Shota Miyaguchi, Sandra Arranz-Para\u00edso, Alexis Buatois, Arpa Suwannarat, Huiqing Qiu, Arturo Elosegi, Carolina P\u00e9rez-Due\u00f1as, Qibin Chen, Ziying Yu, Scinob Kuroki, Zachary R Lynch, Fenwu Liu, Maximilian Lauterbach, Ana Rita Borba, Anna Rita Piras, K Bergen, Fayez Ebrahim Alshamsi, Resham Lal Gurung, Keith Couper, Moyang Liu, Jennifer A Courtney, Andrew P Catchpole, Gregg S Gonsalves, Manabu Miyata, Qintai Yang, Maryam Jahanbakhsh, Rosmin Esmail, Pu Wang, Jian Luo, Suzanne M Kosina, George Ayala, Ruijuan Feng, Akira Iyo, Xiao-Yan Bai, Yujing Zhou, Mar\u00eda Carmona, Liang Huang, Steven M. Fatur, Zhaoyang Yao, Stephan Sinn, Yuuya Nagata, Wei-Shen Wu, Alexander C. Lygo, Xingxing Zhang, Greg A. Mutch, Benjamin Fritch, Sawako Yokota, Pablo J. Cabrera, Chengpeng Wang, Qing Li, Cynthia M. Hong, Carol Hua, Ryo Takahata, Changfei He, Yogesh Kumar Maurya, Yifan Yao, Nathan A. Carter, Aaron Petronico, Matthew T Fisher, Ayla Green, Konstantinos Tsaras, Rekha Timalsina, Tsegay Wellay, Yue Zhang, Demlie Belete Endeshaw, Layth Al Attar, Chislene Pereira Vanelli, Germano Vera Cruz, Shavi Fernando, Lindsay Volk, Jia Zhao, Gregory Nicolas, Takahiro Minamii, Ana Cristina Lindsay, Siamak Mohebi, Adelaide Conti, Fr\u00e9d\u00e9ric Bont\u00e9, Suganth Suppiah, Hyuck Jai Lee, Vladislav Khayrudinov, Yusuke Osaki, Sun Young Lim, Run Fan, Pankaj Bahuguna, Tirupathi Rao Golla, Wenzhi Bi, Jonas Ard\u00f6, Yasmeen M Attia, Zhanmiao Yi, Federica Demma, Robert Damm, Yan Zhou, Diego Mora, Jing-Jing Jia, Dongfang Sun, Buddha Basnyat, Trey Ideker, Ning Li, Katerina Lympousi, Nathan Van der Stoep, Charles E Davis, Nicholas P Holmes, Markus Bindemann, Etsuko Haryu, Jiao Sai, Francesco Marini, Justin T Fleming, Ljerka Ostoji\u0107, Darren Rebar, Je Ho Kim, Pierre-Jean Roustan, Lihan Chen, Clara Flumian, Tomoya Takabayashi, Angie Nicol\u00e1s, Hidetaka Kasai, M Fernanda Rivas, Julien Besle, Hongwei Pan, Nicholas Weber, Stephanie A Terry, McKenna J Penley, Yang Zheng, Arne Iserbyt, T\u00e2nia S Serra, Kumari Billakurthi, Rajkumar Dorajoo, Howard Chan, Susie Jennings, Zhaotang Ma, Pin Su, Maria R\u00e5stam, Li Yan, Daniel J Fullen, J Tyler Copple, Shyam Sundar Budhathoki, Mark Smith, Chunjuan Luan, Wei Yuan, Annette M Greiner, Jennifer E Lutomski, Herbert W. Roesky, Yoshiyuki Yoshida, Thomas W. Chamberlain, Guodong Tang, Bi-Jie Li, Thomas J. Meyer, Hans Renata, Ben Zhong Tang, Alex K.-Y. Jen, David C. Johnson, Wilfred A. van der Donk, David Vega-Maza, Edward P. O\u2019Brien, Tatsuya Tsukuda, Dong Wang, Hiroyuki Furuta, Paolo Samor\u00ec, Antonio Adiletta, Kevin Cain, Ioanna V Papathanasiou, Lei Liao, Chibueze Onyemkpa, Measho Gebreslassie, Temesgen Ayenew, Soohyun Lee, Sirio Cocozza, Daniel J Mitchell, Rog\u00e9rio Baumgratz de Paula, Aniceto Mateus, Euan Morrison Wallace, Samir Agalarov, Guy Robert Warman, Haydar Nasser, Munenobu Nogami, Carlos Andr\u00e9 Moura Arruda, Lynette G Stuart-Mullen, Catalin V Ivan, Mahmoud Parham, ",
		"resources": [{
			"url": "https://en.wikipedia.org/wiki/ZETA_(fusion_reactor)",
			"title": "ZETA (fusion reactor) - Wikipedia"
		}, {
			"url": "https://twitter.com/PatrikMalmquist",
			"title": "Patrik Malmquist (@PatrikMalmquist) | Twitter"
		}, {
			"url": "https://en.wikipedia.org/wiki/Late_Antiquity",
			"title": "Late antiquity - Wikipedia"
		}, {
			"url": "https://en.wikipedia.org/wiki/Hominids",
			"title": "Hominidae - Wikipedia"
		}]
	}, {
		"topic": "planarity   Fluorous Phase shuffle",
		"authors": "Thomas R Vetter, Heriberto Cruz Hern\u00e1ndez, Jody C Sharninghausen, Assad Munis, Daniel P Longman, Taiye Borishade, Xingchao Bian, Chang-Chieh Cheng, Andy Guise, Mina Khoshdeli, Stefania Isola, Amy K Winter, Wonbin Na, Zolt\u00e1n Lantos, Edwin E G W Ter Voert, Godfrey Musuka, B Mijuskovic, Lingchao Li, Sungsik Kim, Aaron K Wong, Nicola Banwell, Huiying Li, Akuet\u00e9 Yvon Segbena, Hajime Sato, Niels P J de Graaf, Meng Qiao, Disong Fu, Tao Wu, Chih-Hsiung Hsieh, Akira Matsumura, Matthew S Sherwood, Taotao Zeng, Irma Garcia-Martinez, Denis Agniel, Qiancheng Xu, Avat Shekoofa, Vitalij Novickij, Pengfei Wu, Wei Wu, Nur Syafinaz Ridhuan, Tilahun Tolossa Jima, Joo Young Huh, Zhao Wang, Shi-Ming Zhang, Amanda Williams, Juanhong Zhang, Xi Chen, Rolando Garcia-Milian, Chun-Hong Xie, Abu Hanifah, Roumiana Tsenkova, Yiran Zhang, Yuchuan Wang, Kaibin Xu, Francesco Passiglia, Dominik Langgartner, Gabriel Velez, Claire Montagn\u00e9-Huck, Shaohua Liao, Projestine Selestine Muganyizi, Seung Hyun Kim, Marc Cantillon, Geoff McCombe, Larry A Cogburn, Yi Sun, Burcu \u00c7al\u0131\u015fkan, Bingkun Xiao, Gianmarco Ferri, Nobuo Watanabe, Marcin Warot, Magnus Sandberg, Hojjat Hosseinpourfeizi, Miao Ruan, Virginia A Fisher, Helen Collins, Man Kit Cheung, Silvia Zanini, Masoudeh Babakhanian, Kai-Jonathan Maas, Brandee M S S Goo, Yujiao Yang, Charles J Sande, Lihong Liu, Ling-Yun Zhou, Sara Iachettini, V. Anu, Seunghoon Baek, Eduardo Villamor-Martinez, Sipeng Shen, Philip A Gruppuso, Eva Svandova, Min-Ho Lee, Luisa Amo, Daniela Baitan, Zhiwei Fan, Motonori Yamaguchi, Merryn D. Constable, Taewan Noh, Michael B Lewis, Jonne Niemi, Pedro L Cobos, M Kilintari, Marine Lacoste, Ismini E Lokka, Jiefei Luo, Angela M Brown, Zhenjie Du, Essam Abdel-Sattar, Masataka Sawayama, Lydia Paetsch, Emily E Butler, Siying Tan, Liguang Wu, Hyo Bin Lee, Tatiana V Lipina, Matthew D Herron, Tsuyoshi Morishita, Qi Su, Tengfei Wang, Rosie Brigham, Nataliya Kosmyna, Parvathy Krishnan, Weisan Hua, Mohammad Enamul Haque, Xiuwen Sun, Jing Li, Tobias Schuwerk, Bennett Kleinberg, Youngbum Yoo, Roberta Lattanzi, Lucila Soares da Silva Rocha, Sandor Kerpel-Fronius, Chi-Chun Ho, Karen Innes, Dani\u00ebl O J Reijntjes, P J E Uijtdewilligen, Uwe Ernsberger, Vivien Davis Tsu, Liem B Luong Nguyen, Yoojin Noh, Thomas R Blattert, Maria Serena Piccinno, Lorenzo Napolitano, Giulia Longoni, Timm Schoening, Heather Moffatt, Gashaw Tadesse Abate, Simon R R\u00fcegg, Chris I Wong, Guanyun Zhang, Shahad K. Alsaiari, Hiroyuki Asakura, Tiancong Ma, Yuanyue Liu, Kyle C. Van de Bittner, Wilson C. Ho, Michael P. Ledbetter, Francesc Bejarano, Wenwen Lin, Lu Wang, Matthew T. Knowe, Jacob M. Goldberg, Konstantin V. Bukhryakov, Kecheng Jie, Yue Sun, Zebulon G. Levine, Wei Hao, Ru-Yi Zhu, Tsunetomo Yamada, Patrick W. Smith, Sean R. German, Ian G. Powers, Yusi Yang, Yusuke Nakakuki, Lei Hu, D. Matthew Peacock, Preston M. MacQueen, Zhiwei Fang, Jing Hou, Julia Nomrowski, Yin-Xia Wang, Ambroise de Izarra, Jie Zhong, Brian J. Cook, Hannah Rothfuss, Jianbin Zheng, Alberto Ceccon, Ning Huang, Liwei Zheng, Kaveh Matinkhoo, Jiajing Zhang, Matthew G. Costales, Ying Jiang, Ren-Tsung Wu, Rong Zeng, Jingshan S. Du, Yin Xiong, James Barwick-Silk, Xingjie Zhang, Wan-Chen Lin, Jung Su Park, Xin Zhang, Kelsey E. Poremba, Paul Kenneth Herickhoff, Aniekan Ekpenyong, Alexandros Mekras, Sumit Goyal, Enzo Errichetti, Fiammetta M Bozzani, Teshale Worku, Francesca Mandolfino, Adithya Varma, Yi-Sheng Chang, Trevor Pentzien, Dominika Zoltowska, Aparna Aggarwal, Kano Fumiya, Cheru Tesema Leshargie, Ulrika L\u00f6gdberg, Lana Yeganova, Lauren A Maggio, Xin Chen, Vivian Visnapuu, Kambiz Gilany, Yuko Nishiyama, Stamatis Karakonstantis, Hak Cheol Ko, Reindolf Anokye, Lin-Bo Zhu, Jacob T Nearing, Lee Bora, Xiaoqi Sun, Enis Dikicier, Guifeng Jia, Duilio Pagano, Graeme Fairchild, Tagore Sunkara, Tan Chen Wu, Thilak Priyantha Weerarathna, Anis Fadhilah Zulkipli, Sunghwan Suh, Patrick Schober, Adrienne E Shapiro, Michele K Surbey, Temidayo V Omotosho, Leanne Harling, Yu-Tai Ching, Handy Darmawan, Masahito Takahashi, T Charles Witzel, Garrett Winkelmaier, Fabiola Weber, Amy P Wesolowski, Changwoo Park, Wenjie Xing, Urs J Muehlematter, R Kuehl, Jun-Hao Lei, Ren-Hua Luo, Nathaly Lopes Archilha, Arjun Krishnan, Shannon Rutherford, Surui Wu, Jeremy D Driskell, Aldiouma Guindo, Masanobu Uchiyama, Daoyuan Chen, Xu Zhao, Xiangao Xia, Chueh-Hsuan Lu, Takashi Namikawa, Aaron T Madaris, Isaac S Kohane, Qian Yan, Steve Mifflin, Thomas R Sinclair, Yunlai Deng, Yong Dai, Khairunisak Abdul Razak, Seulah Lee, Ling Chen, Qing-Ge Zhu, Yang Hu, Denise Hersey, Min Wei, Awang Maharijaya, Xu Guo, Min Guan, Sergio Rizzo, Andrea M F\u00fcchsl, Peter H Tang, Charles H D Williamson, Kathrin Kahnert, Minsu Park, Fang Ma, Robert Ings, Esra Sinoplu, Weilan Wang, Kirill Kryukov, Tomasz Synowiec, Leila Taher, Homayoun Sadeghi-Bazargani, T Rassaf, Ena \u0160e\u010di\u0107, Maxim Avanesov, Wenhui Wu, Martin Mutunga, Alena Karaseva, Anya Kalsbeek, Chang Su, Daniela Trisciuoglio, G. S. Arsheya, Monica Fumagalli, Ruyang Zhang, Yiyin Zhang, Joan M Boylan, Xiaohua Liu, Barbora Vesela, John Williamson, Gustavo Tom\u00e1s, Robin Schubert, Emma L Clarke, Ryoji Yukihiro, Gwanyeol Park, Peter J Hills, Jinju Geng, Hanna Kinnunen, Braulio G\u00f3mez-Fortes, Miguel A Vadillo, R J Bufacchi, Roger Brunet\u2005Espinosa, Faustina Ottie Opoku, Eman T Mehanna, David Aagten-Murphy, Maria Olkkonen, Carsten W Mueller, Robert Boyd, Rob Ward, Shaojie Jiang, Yuko Okumura, Dong Soo Kim, Nikolay A Beregovoy, Kazuhiro Toriyama, Phillip M Alday, Chaohong Zhao, Jussi T Lindgren, Lukas Meile, Zhu-Hong You, Xuelai Zhang, Subramaniam Senthilkumar, Beate Priewasser, Georg Groth, Youshi Tazoe, Emanuela Samaritani, Mario A Fares, Sun-Jung Yoon, Silvia Rief, Rachel P. Riechelmann, Sander Becker, Lilian Li-Yan Tsung, Ho Hyun Jung, Seonaidh Cotton, Nick M A Schubert, Robert Hoerster, E M Versteeg, Jer-Young Lin, Shijiang Cao, Hermann Rohrer, Bernhard Piskernik, Yiyi Song, Denise Njama-Meya, Yazdan Yazdanpanah, Klaus J Schnake, Henrik Eliasson, Evangelos Evangelou, Robert A Brown, Kevin K\u00f6ser, Qingchun Deng, Paige Moorhouse, Tanguy Bernard, Liza Rosenbaum Nielsen, Lauren K Collins, Karthik Raghunathan, Kami L. Hull, Niveen M. Khashab, Trevor W. Hayton, Wenbin Lin, Emily J. Parker, Robert M. Waymouth, Floyd E. Romesberg, Lei Jiang, Deryn E. Fogg, N\u00faria Crivillers, Lisa D. Pfefferle, Matthew D. Shoulders, Peter M\u00fcller, Zucai Suo, Masahiro Yamashita, Eric Masson, Manabu Kiguchi, Yutaka Takaguchi, Henry S. White, Kenji Matsuda, Kimoon Kim, Chu Wang, Xiong Wen David Lou, Jie Wu, Oliver S. Wenger, Mengchun Ye, Ivan Gladich, Leslie J. Murray, Christopher Barner-Kowollik, Dimitri Krainc, G. Marius Clore, Marc M. Greenberg, David M. Perrin, Huayi Fang, Yuanhong Liu, Marc Raymond Safran, Arit Udoh, Iliass Elalami, Veit Krenn, Manish S Jain, Giuseppe Stinco, Don Mudzengi, Dejene Derseh, Rosario Fornaro, David Giraldi, Andrew Booth, Jagadeesh K Kalavakunta, Keerthilatha M Pai, Ichimura Norihisa, Bo Nilsson, Todd C Leroux, Sirkku Peltonen, Shinya Fujii, Chang-Woo Ryu, Masahito Tomotake, Enoch Acheampong, Yuan-Yan Zhang, Mahdieh Salehi, Md Sha Newaj Hossain, Gavin M Douglas, Suzanne So, Jennifer Wong, Hailemariam Berhe, Wei Chai, Fabrizio di Francesco, Ellie Baker, Megan E Caughey, Denise T Hachul, Herath Mudiyanselage Meththananda Herath, Nor Munirah Zakaria, Anjun Ma, Sisse Dahl Christensen, Yun Hak Kim, Azita Behzad, ",
		"resources": [{
			"url": "https://en.wikipedia.org/wiki/ZETA_(fusion_reactor)",
			"title": "ZETA (fusion reactor) - Wikipedia"
		}, {
			"url": "https://twitter.com/PatrikMalmquist",
			"title": "Patrik Malmquist (@PatrikMalmquist) | Twitter"
		}, {
			"url": "https://en.wikipedia.org/wiki/Late_Antiquity",
			"title": "Late antiquity - Wikipedia"
		}, {
			"url": "https://en.wikipedia.org/wiki/Hominids",
			"title": "Hominidae - Wikipedia"
		}]
	}, {
		"topic": "Brain Activity homotropane  KTC1",
		"authors": "Santanu Paul, Jakub Jirka, E L O'Reilly, Muhammad Afzal, Shengyong Xu, Fadi Al Daoud, Yanjun Zhang, Benjamin Rolland, Hongyu Xiao, Guang-Lei Qiao, Sang-Wan Jeon, Andrew P MacCormick, Marina Fomina, Marinela Vavla, Sundus Yerdelen, Yu Liang, Jianrui Huang, Katarzyna Jankowiak, Martin Lachmair, Huanan Wang, Chenggui Fan, Gregory Hyung Jin Park, Hyung-Seop Han, Yuan-Feng Zeng, Michael J Wagner, Femke C C van Rhijn-Brouwer, James J Lewis, Anna Bruederle, Jieqiong Zhang, Silvia Rios-Romenets, Suganya Chandramohan, Armen Yuri Gasparyan, Teresa Bartholomeyzik, Victor Chun-Hei Wong, Brian M. Peterson, Miguel I. Gonzalez, Lingling Mao, Rub\u00e9n Rizo, Erika Virmani, Zhen Li, Taiki Fujita, Yu Liu, Eyob Abera Mesfin, Luca Bertero, Masaya Hattori, Gabriel Hoffman, Mei-Lan Tu, Ahmed S Ahmed, Shijun Xiao, Glen Hansen, Hakje Yoo, Nicolas Simon, Eun-Surk Yi, Himanshu Sharma, Vladimir Koshuro, Suzanna Zgorska-Meynard-Moussa, Xinbo Qiao, Tracy Durksen, Wei Jiang, Delphine Sasanguie, Xianyou He, Yuanyuan Che, Pawe\u0142 Korpal, Susana Ruiz Fernandez, Xin Wang, Chaoyang Wan, Seung-Ho Yang, Daniel Ciupka, Yi-Sheng Xiao, Helmut Hotzel, Lee D Cranmer, Roland Hodler, Zichen Wu, Chaoxue Zhang, P J Wolfe, Bhagyashri Navalkele, Philippe Renaud, Hua Lu, Omar K. Farha, David P. Goldberg, Dana D. Medina, Herbert Mayr, Mei-Xiang Wang, Motomu Kanai, Chaozhong Li, Emhemmid Karem, Joo Hwan Oh, Richard Oluyinka Akintayo, Yu-Wei Fang, Taniya Sharmeen, ",
		"resources": [{
			"url": "https://en.wikipedia.org/wiki/ZETA_(fusion_reactor)",
			"title": "ZETA (fusion reactor) - Wikipedia"
		}, {
			"url": "https://twitter.com/PatrikMalmquist",
			"title": "Patrik Malmquist (@PatrikMalmquist) | Twitter"
		}, {
			"url": "https://en.wikipedia.org/wiki/Late_Antiquity",
			"title": "Late antiquity - Wikipedia"
		}, {
			"url": "https://en.wikipedia.org/wiki/Hominids",
			"title": "Hominidae - Wikipedia"
		}]
	}, {
		"topic": "molfetta  Lebanon Degradation Chemistry  ",
		"authors": "Gerardo Bosco, Jos\u00e9 A Adell, Weihua Yu, Ji-Hun An, Fanqi Meng, Cristina M Pulido, He Liu, Kelei Li, Shanelle A Kohler, Subash Thapa, Di Luo, Yvonne Laird, Christos T Santis, Wei-Ming Huang, Cong Wang, Kai-Kai Guo, Bin Han, Yong Wang, Fei Wang, E de Jonge, Yoshiko Igarashi, Shuai Feng, Antonio Esposito, Edwin F Liang, Gon\u00e7alo Laureano, Wenda Zhou, Xiaojie Li, Katherine Wickenden, Sahyang Kim, Lena F\u00f6rster, Matthew Hudson, Francesca Ceccarelli, Kazumi Shimizu, Kathleen Vancleef, Lei Luo, Ichiro Tanaka, Pavel Montes de Oca Balderas, Alireza Rahimi, Ramesh R Sagili, Megan Verdon, Ling Li, Karinna Hurley, Elmar Kal, Yue Ji, Robert Hermes, Yueyong Shang, B Mahieu, Richard Poir\u00e9, Hyeong Cheol Park, A Young Cho, Juping Liang, Jianxia Li, Mi-Ni Lee, Abdullah Albassam, Martijn W Smulders, Dae Ho Lee, Aristides Moustakas, Lesley J J Soril, Jia Li, Jamie S Park, Daiki Kashiwagi, Lei He, Yilei Wu, Hisae Tateishi-Karimata, Guangrong Meng, Jennifer M. Crawford, Jordan N. Smith, Yoshimitsu Sagara, Khetpakorn Chakarawet, Yang Xiong, Jonathan P. Wojciechowski, Junrui Li, Ze-Peng Yang, Jeffrey Camacho-Bunquin, Rong Ye, Sicheng Tang, Joseph M. Dennis, Sybrin P. Schr\u00f6der, Prakash Chandra, Yi-Lun Ying, Miao Qi, M. R. Ajayakumar, Pengcheng Wu, James V. Passarelli, Rohan R. Merchant, Daniel T. Walters, Jian-Hong Tang, Lisa Gai, Teklehaymanot Huluf Abraha, Tugce Uzar, Hila Axelrad, Habtamu Abera Goshu, Jordan K Schaefer, Kristen M Little, T A Obembe, Marijn F Stokman, J Sebastian Marquez, Philipp Kanske, Jorge Bustamante, Kongxi Zhu, Changjin Lim, Yannan Li, Johann Peltier, Le Zou, Gisela Redondo-Sama, Chunxiao Liu, Matthew O Parker, Yaakov Vilenchik, Hui-Chen Lin, Qingxuan Jia, Cheng-Qi Deng, Waheed Akram, Kun-Chi Zhao, Jing-Zhao Hou, Allah Nawaz, Shuyi Yang, Andrew D Paterson, Joana Figueiredo, Shaw-Hwa Lo, Nadia Nawaz, Shannon R Kjeldsen, Hans-Christoph Nuerk, Holger Mitterer, Minmin Yan, Jim Grant, Eleni Markouli, Katrina L McDonough, Barbara La Scaleia, Y A Samaniego, Jenny C A Read, Gemma M Echevarria Sanchez, Mozhdeh Hashemzadeh, Bradley N Metz, Pieter F Buur, Tiphaine P M Bailly, Richard Rawnsley, Minggang Xu, Lisa M Oakes, Rens Pros\u00e9e, Mengjie Xu, Lars D\u00f6lken, Thomas Bernd Hildebrandt, Yawen Lan, N Jourdain, Gerald E Edwards, Colleen Bennett, Suaree Borrell, Xianlong Ding, Xiaofei Xia, Shahad Alshammari, Tracy L Stockley, Sebastiaan C A M Bekkers, Ming-Sound Tsao, Holger Werner Unger, Matthew R Evans, Miriam Engel, Julie Pulerwitz, Annika PerssonVasiliou, Brayan V Seixas, Qizhen Deng, Kelly A Weir, Jennifer Cantrell, Julia E Moore, Takuzo Aida, Michal Szostak, Robert R. Knowles, Patrick G. Harran, Christoph Weder, Jessica M. J. Swanson, Stephan Grzesiek, Stephen J. Lippard, Guozhu Zhang, Pall Thordarson, Shouheng Sun, Massimiliano Delferro, Gabor A. Somorjai, Tanja Gulder, Herman S. Overkleeft, Antony E. Fernandes, Jeffery A. Byers, Xinliang Feng, Stefan Hecht, Alan L. Balch, Hamza Lamchahab, Guangyi Wang, Muhammad Azharuddin, Kimberly R Barber, Eleazar Eskin, Irem Turkmen, Dionysios Tsoukalas, Moges Wubie Aycheh, Xiaoyun Wu, Sarah M Choi, Shan-Jie Zhou, K O Odebunmi, Tadesse Hailu Jember, Bert van der Zwaag, ",
		"resources": [{
			"url": "https://www.nytimes.com/2018/11/29/technology/microsoft-apple-worth-how.html",
			"title": "Microsoft Is Worth as Much as Apple. How Did That Happen ..."
		}, {
			"url": "https://twitter.com/MoreConsole",
			"title": "Destiny 2 (@MoreConsole) | Twitter"
		}, {
			"url": "https://www.bloomberg.com/research/stocks/private/snapshot.asp?privcapId=25772716",
			"title": "Bruker-microCT N.V.: Private Company Information - Bloomberg"
		}, {
			"url": "https://www.bloomberg.com/research/stocks/private/person.asp?personId=396179&privcapId=6138550",
			"title": "Thomas E. D\u2019Ambra Ph.D.: Executive Profile & Biography ..."
		}, {
			"url": "http://mathworld.wolfram.com/Phase.html",
			"title": "Phase -- from Wolfram MathWorld"
		}]
	}]
}