{ "data": 
[{
        "topic": "infection sample test",
        "keywords": "test, sample, infection, positive, estimate, testing, negative, resistance, antibiotic, food",
        "authors": "Chun Kiat Lee, Dae Hyun Ko, Paul A Granato, Suengmok Lee, Jerald A Fagliano, Kristie L Ebi, Weiqing Guo, Cleo Keppens, F Arslan, Majid RadFard, Matthew K. Nielsen, Yohanes Ayele, Abdul-Nasiru Sumaila, Lauren R Violette, K Jagadishkumar, Aleksandar Vodovnik, Shimpi Chopra, Lewis H Ziska, Helmut Hotzel, Kelly E Coller, Pujun Long, Junyi Ma, "
    }, {
        "topic": "finding treatment case",
        "keywords":"case, treatment, finding, diagnosis, disease, lesion, pain, clinical, rare, week", 
        "authors": "Joanne D Stekler, Teppei Toya, Masatoshi Yamazoe, Wynn Aung Kyaw, A Lo Gullo, S L Weinstein, S\u0142awomir Liberski, Jos\u00e9 A Adell, Vishnu Vardhan Garla, Sean P. Polster, He Xu, Hang-Fai So, Yan Song, M\u00fcge \u00c7oban Karata\u015f, Sara Mahmoud, Fadi Al Daoud, Alyssa R Goldbach, Mohammad Reza F Aghdam, Kenji Sakai, Alan Lucerna, Hideki Kogo, Bairavi Manoharan, Takenori Inomata, Kwang-Jun Kwon, Sofia Florim, Christopher Ricks, Michelle C Salazar, Wei-Ming Huang, Linda Ferreira Maximiano, Tomoaki Tamada, Jonathan P Rehfuss, Marcin Warot, Wokil Bam, Erica Y. Tsai, Alexandra Rodrigues, Aniket B Jadhav, Antonello Cuccaro, Masahiro Kashiura, M\u00e1rcio Martins Lobo Jardim, Maha M Azab, Dunya Moghul, Fotios S Fousekis, Raza Mushtaq, Fikri M Abu-Zidan, Mohamed Amine Azami, Kalimullah Jan, Youness Jabbour, Thomas J Guterbaum, Lucky Savitry Widyakusuma, Kantha R Kolla, Enzo Errichetti, Mayank Patel, Hazim S Bukamur, Michael Karanikas, Alexey Youssef, Ahmed Z Abdelkarim, Raja Krishnan Kutty, Se-Ung Park, Evangelos Voudoukis, Harry Wang, Ioannis Passos, Danielle Dougherty, Mohamed Awad Zarog, Georgi Kotov, Zain Guduru, Mohamed E Taha, Jeton Shatri, Tugce Uzar, Kano Fumiya, Jelena Stoj\u0161i\u0107, Koin Lon Shum, Stephanie A Zacharias, Pembeg\u00fcl G\u00fcne\u015f, Athula Kaluarachchi, Bruno Augusto Alves Martins, Tom\u00e1s Almorza, Malak Alzahrani, Roy Hajjar, Narendra Pandit, Song Soo Yang, Tabitha Lynn Ward, Anubha Wadhwa, S Nagendram, V\u00edctor Manuel Asensio-S\u00e1nchez, Juan Carlos Izquierdo Vel\u00e1squez, Shivender Sobti, Ashish Lal Shrestha, Kewan Hamid, Shoaib Z Junejo, Hidetaka Uramoto, Yumi Takano, Linghong Guo, Anna Pichiecchio, Teruaki Ono, Masafumi Oda, Guifeng Jia, Phoo Pwint Nandar, Cecilia Lazea, Konstantinos Anagnostakos, Shirish S Chandawale, Matthew Wheeler, Jui-Ping Tsai, Rawad A Yared, Mojtaba Ameli, Shintaro Akiyama, Mutlaq Almalki, Kiyoyuki Yanaka, Yoshinori Maki, R Talotta, Fausto J Rodriguez, Moneeb Mustafa, Vanessa Bruckschwaiger, Merih Soylu, Gabriele S Merki-Feld, Sehrish Jamot, Emilio Cendejas-Bueno, Irineu Gregnanin Pedron, Alice Lopes, Shauna Newton, Boris Kovalenko, Chi Chan Lee, Jiang Qiu, Vitor Oliveira, John Shivdat, Flor Villalon-Ferrero, Han-Oh Chung, Tomasz Synowiec, Nicole Seifert, Colleen Bennett, Raz Gepstein, Katelynn Ferranti, Mirjana Pavlovi\u0107, Changchen Hu, Boom Ting Kung, Antonio Adiletta, Sangeetha Gajendran Sarah, Riccardo Gorla, Dorotea Bosco, Philip R Cohen, Jose William Sotelo, Panagiota A Christou, Husni S Shalak, Amit Agarwal, Samer Elmasry, Cebula Helene, Siau Chuin, Manish S Jain, Basim Towfiq, Maria Debiec-Rychter, Joe Iwanaga, Cory Ozimok, Ziad El Rassi, Emhemmid Karem, Konstantinia Kofina, Maria Gorete Faria, Amy G Fiedler, Rosario Fornaro, Vivek Batra, Alexandros Koumpoulas, Iva N Dimitrova, Preeti Singh, Jae Yun Jung, Craig Weinkauf, Dong Rak Kwon, Omid Shafaat, Maria Isabel Ramos Saraiva, Irem Turkmen, Kevin Ellsworth, Gaia Mazzanti, Stefano Scaringi, Fatih G\u00f6ktay, Rosana Rodrigues Galletti, Ahmet Baydin, Areej Alqunaitir, Tatsuru Eifuku, Laligen Awale, Fiona Quinn, Fereshteh Ashtari, Satoshi Yokoo, Stephanie G Mejias, Aarati Keshary, Hyeong Ryul Kim, Sadegh Sedaghat, Carmen In\u00e9s Rodr\u00edguez Cuellar, Kyunghun Jung, Malte C Ebach, Makoto Mihara, Samir Agalarov, Khutsafalo Kadimo, Sajeeb Mondal, Girishma Shrestha, Cindy M Martin, Ke Wang, Mehdi Farishta, Haydar Nasser, Pascal Blanchet, Reham Khubrani, Akio Sakamoto, Dae Jung Kim, Wei Chai, Andreas Thiery, Megan E Caughey, Shujuan Huang, Eleanor Powell, Jau-Jiuan Sheu, Hussein A Badran, Wayland Hsiao, Oli Avadesh, Maxime Loyens, Toshiho Tengan, Stephany Barreto, Jillian Mai, Waed Yaseen, "
    }, {
        "topic": "acid development approach",
        "keywords":"approach, development, acid, system, strategy, application, paper, design, develop, process", 
        "authors": "S. K. Gupta, Reynaldo G Gomez, Peng Zhao, Abu Hanifah, Chang-Cheng Zhou, Fernanda Papa Spada, Fran\u00e7ois P Douillard, Elliot Rowe, Johannes Jacobus Fahrenfort, Mohammed Hamdan, Resham Lal Gurung, Kirk W Kerr, Xuecheng Sun, Bahareh Yazdizadeh, Yipeng Chen, N Sanoj Rejinold, Kuang-Yao Cheng, Arjen Luijendijk, S C Olhede, Guda Scholten, Michele Petrini, A Suraev, Ala Bunescu, Stefan Verhoog, David S. Peters, Eric D. Nacsa, Michael W. Gribble, Chengpeng Wang, Qianjia Yuan, Mohit Kapoor, Christopher S. Shiner, Cody T Haun, Boyong Long, Muhammad Amith, Xiao-Diao Chen, Yi-Sheng Chang, Julia A Yaglom, Steven V Beekmans, Muammer Bozkurt, Shigeru Furuichi, Swati Chhabra, Ting-Yu Kuo, Weiwei Wang, Debbie A Lawlor, Tina Shiang, Diego Mora, Anna Grubert, Faheem Muhammad, Gerald I Egeonu, Nicholas Weber, Sander Becker, Tailong Cai, Fan Zhang, Zhi Xu, Haijie Li, Matthew A Robertson, Dirk Jalas, Ruiquan Ge, Tomas Verhallen, Chi-Long Chen, Florence Colleoni, N Lintzeris, Matthew D McEvoy, Shih-Yuan Liu, Patrick G. Harran, V\u00e9ronique Gouverneur, Andrew McNally, Guozhu Zhang, Feihe Huang, R. Curtis Haltiwanger, Andrea Moreno, Yu-Ti Teng, Kaj S Emanuel, Anna P\u0142aza, Yurii P Ivanov, Kornelia Polyak, "
    }, {
        "topic": "factor child health",
        "keywords":"health, child, factor, associate, woman, prevalence, year, association, regression, cross", 
        "authors": "Abireham Misganaw Ayalew, Naoe Tatara, Simona Sacco, Mekdes Beze Demoze, Birhan Agmas, Zakir Abdu, Yonas Gurmu, Rong Pei, Eshetu Dagnew, Mariko Higuchi, Van T Pham, Ali Naseribafrouei, Akinbo Tomisin Faith, Jingxu Zhang, Brian Muyunda, Hong Yang, Joon Haeng Hur, Ana Antunes, Mohammed Akibu, Aregahegn Dona, Amanuel Iyasu, Tsegay Wellay, Gashaw Andargie Biks, Aren Sinedeh Lemin, Teklehaymanot Huluf Abraha, Yimenu Yitayih, Solomon Weldemariam, Asres Bedaso, Hila Axelrad, Anthony I Ajayi, Ayele Semachew Kasa, Gidey Gebremedhin, Chrispin Mandiwa, Marit Larsen, Kidist Reba, Abdulaziz Darraj, Reindolf Anokye, Md Ashiqul Haque, Tensay Kahsay W/Gebriel, Tafesse Lamaro Abota, Adela A Mwakanyamale, Tirhas Asmelash Berhea, Elfalet Fekadu, Mekuria Kassa, Lemma Derseh, Anna Bartosiewicz, Aprajita Mishra, Liwen Luo, Dessie Abebaw Angaw, Laura Camfield, Ipek Gurol-Urganci, Roger Newson, Joseph K B Matovu, Solomon Assefa Woreta, Sufang Guo, T F Rosenbaum, Elizabeth Robinson, Comfort O Akanbi, Guochang Zhao, Jennifer E Lutomski, Wintana Tsegaye, Muluemebet Abera, Md Mizanur Rahman, Alemayehu Shimeka Teferra, Mubarek Abera, Hassen Mamo, Tewachew Muche Liyeh, Mulat Gebrehiwot Teklu, Wilson Akpan, Desalegn Tetemke, Lema Derseh Gezie, Bernadetta Namondwe, Ali Khalil, Valborg Baste, Richard Appiah, Todd C Leroux, Teferi Elfu Feleke, Mohamed Salih Mahfouz, Berhan Meshesha, Abiot Tefera Alem, Niguse Tadele Atenafu, K O Odebunmi, Dickson P Wande, Abate Bekele Belachew, Getachew Yigzaw, Mahmoud Parham, Amare Kiros, "
    }, {
        "topic": "activity treatment therapy",
        "keywords":"therapy, treatment, activity, drug, anti, dose, agent, inhibitor, target, tumor", 
        "authors": "Joo Young Huh, Giulio Poli, Mashooq Ahmad Bhat, Maria C Llin\u00e0s, Ashok Aspatwar, Qiyue Wang, Jianlou Niu, Franko Bur\u010dul, Christopher R. Vickery, Daniela Vullo, Kanghoon Lee, Brad Solomon, Taiju Watanabe, Xu Zhao, Bunleu Sungthong, Amira Abdel Motaal, Erika Santamar\u00eda, Oihane Salazar, Jessica D Sun, Chunyu Xu, Ivana Generali\u0107 Mekini\u0107, "
    }, {
        "topic": "medical experience student",
        "keywords":"student, experience, medical, research, training, program, self, learn, practice, health",
        "authors": "Oladunni Izobo-Matins, Paola Bin, Marie-Paule Gustin, Meghan McConnell, Galina Gheihman, Jyh-Chong Liang, Maja \u0106uri\u0107 Dra\u017ei\u0107, Pan Zhang, Natalie Christian, Claire B Lee, Edvin Schei, So Jung Yune, Timothy DeVita, Pia Maria Ilvig, Jia Li, Se-Hyuk Park, Martin Haag, Bin Rao, Brian J. Levandowski, Hanlie R. Wessels, Nobuharu Iwasawa, Hakim Rahmoune, Kunle E Ogundipe, D. Dangar, Milena Abbiati, Ada Gu, Yen-Yuan Chen, Kerstin \u00d6hrling, Ivana B Petrovi\u0107, Gustavo A Quintero, Ruth E Johnsrud, Matthew M Dacso, Alisa Nagler, Maria R\u00e5stam, Marit By Rise, Julia E Moore, Hideyuki Sogo, Hafte Teklay, "
    }, {
        "topic": "propose information model",
        "keywords":"model, information, propose, image, network, experiment, algorithm, feature, social, system",
        "authors": "Sebasti\u00e1n Cea-Echenique, Qing Yan, Jiantao Liu, Xingchao Bian, Wongvisarut Khuangsatung, Badr Alqahtani, Xiaojuan Ning, Takumi Takeuchi, Teng Wu, Meng Gan, Maciej M Nowak, Shiqiang Wang, Siyu Xu, Jinsong Zhang, Ben Bellekens, Xuetao Zhang, Dakun Yu, Xin Jin, Binayak S Choudhury, Sen Liang, Song Mei, Seonho Kim, Qiuming Luo, Minseok Seo, Yu Lei, Weimin Wen, Anton du Plessis, Svetlana Cherlin, Mingjun Jing, Mengmi Zhang, Danilo Guerrera, Dimitrios Amaxilatis, Diego Castillo-Barnes, Alexander Ventura, Danxiang Jing, Zhengqiu Zhu, Martin Lachmair, Xiaoqing Wang, Ruonan Zhang, Xiaofei Wu, Jianjun Jiang, Jean Baratgin, Fagui Liu, Sari R R Nijssen, Jin Long, Timm Schoening, Robin Champieux, Kai Blin, Luis Gerardo de la Fraga, Temidayo V Omotosho, Rahmatollah Lashkaripour, Nesibe Manav, Zhenjiang Zhang, Jianhong Ma, Katarzyna P\u0119dziwiatr, Zongsheng Gao, Guangyao Li, Libo Jian, Yannan Li, Yichao Zhang, Samuel L Braunstein, Dong Liang, Lihong Xu, Yuval Peres, Zonglei Chen, A V Pichugin, Qijun Chen, Ferdous Hossain, Thiago Magalh\u00e3es, Shiqi Wang, Yong Dai, Dongjin Choi, Yongshi Zhang, Yuying Qiao, Yu-Li Chen, Xiang Yu, Bahador Bahrami, Mohammad Alshayeb, Shuang Gao, Weiping Wang, Mengfan Xue, Robert Boyd, Ao Peng, Juan Antonio Garc\u00eda-Manrique, Yuanyuan Liu, Alejo Salles, Dansheng Wang, Fangxin Chen, Guy Politzer, Jes\u00fas El\u00edas Miranda-Vega, Zhu-Hong You, Tao Qiu, Miriam Engel, Teodor Gotszalk, Biao Song, Qingchun Deng, Amar H. Flood, Montira Suwannaprapa, Margeret Hall, Hong Zhao, Bing Yang, "
    }, {
        "topic": "visual task experiment",
        "keywords":"experiment, task, visual, response, stimulus, spatial, signal, suggest, participant, target",
        "authors": "Angelo Pirrone, Andrew R Coggan, Yueyang Yin, Hiroyuki Oishi, Danielle Posey, Daniel Gartenberg, Hongyu Xiao, Andrea Borghesi, Wenzhen Cheng, Shufang He, Samuel A Mehr, Bao Zhang, Dongxue Zhai, Michele Fornaciai, Alexandra V Kalpadakis-Smith, Nina M Hanning, Daniele Zavagno, Xing-Qi Yao, Jan Skerswetat, Erik J Koornneef, Zhiwei Fan, Tomomi Koizumi, Guangzheng Li, Peter J Kohler, Joshua Snell, Chang Hong Liu, Fredrik Allenmark, Shira Tkacz-Domb, Dana Krill, Jianrui Huang, Hiroshi Ueda, Christoph Teufel, Stefano Cecchetto, Takeharu Seno, Dekel Abeles, Arianna Zuanazzi, Shunsuke Sugiyama, Lisa Anna Rosenberger, Laura Schmitz, Ana Radonjic, Akihiko Gobara, Sandra Arranz-Para\u00edso, Gang Pan, Norma V Graham, Stephen Palmisano, Kevin R Brooks, Tsuyoshi Ikegami, Laura C A Freeman, Ana Tajadura-Jim\u00e9nez, Bo-Shi Yuan, Kevin E Thomas, Daryl Fougnie, Magda L Dumitru, Pienie Zwitserlood, Lingxia Fan, Matthew J Hansen, Jordy Thielen, Gowrishankar Ganesh, Chen Avraham, Shih-Yu Lo, Patti Adank, Qian Cui, J\u00e1nos Horv\u00e1th, Johannes Lohmann, Michael E Vickers, Wen Wen, Antje S Meyer, Yayuan Geng, Yi-Chuan Chen, Nobuhiko Wagatsuma, Hideki Tamura, Clara C\u00e1mara, Q Ficheux, Catarina Amado, Scinob Kuroki, Jeroen J Stekelenburg, Lucie Sawides, Konstantina Kilteni, Jonathan Havenhill, Hanlin Tang, Chenggui Fan, Yoshitaka Nakajima, Liming Zhao, Scott A Love, David M Simon, Peng Sun, Jonathan Cremers, Hailong Che, Nathaniel J. Schuster, Lisa Kronbichler, Arash Javanbakht, Ranjit K Singh, Priya Bansal, Allah Nawaz, John Williamson, Yuming Xuan, M\u00e1t\u00e9 Aller, Charles E Davis, Adam An, Louise Cole, Souta Hidaka, Masataka Yoshida, Olga Daneyko, Darren Tanner, Yu-Qian Yang, Monika A Formankiewicz, Yuko Yotsumoto, Hiroyuki Ito, Jan W De Fockert, Wesley J Meredith, Dong-Seon Chang, Isaac Fradkin, Benjamin Zinszer, Rory Trevelyan Thomas, Peter J Hills, Gregory Peters-Founshtein, Taiyong Bi, Nicola Binetti, Etsuko Haryu, Yaffa Yeshurun, Kathleen Gray, Ping Ren, Lucas Schnabl, Howard C Nusbaum, Haluk \u00d6\u01e7men, Naotoshi Abekawa, R J Bufacchi, Francesco Marini, James N Ingram, Steven C Dakin, Justin T Fleming, Kayoko Murata, Jens B\u00f6lte, Avishai Henik, Bryan Whitsell, Masayuki Hamakawa, Katherine A Johnson, Li Zeng, Naoto Yoshimura, Ignacio Serrano-Pedraza, Maki Sugimoto, S Sabina Wolfson, Paul F Sowman, Olivia Gerber-Mor\u00f3n, Michael Voigt, Dixiu Liu, Shin'ya Nishida, Maria Olkkonen, Tetsuto Minami, Cornelius J K\u00f6nig, Matthew F Tang, Surya Gayet, Emeline Delferri\u00e8re, Pieter F Buur, Lihan Chen, Gitte H Joergensen, John A Nyakatura, Mario Bonato, Riho Tanaka, Rachel N Denison, Rob van Lier, Guy Avraham, Masayuki Kobayashi, Alexander Ritter, Elisa Brann, Yadong Pan, Benoit P Delhaye, Charles Spence, Jussi T Lindgren, Cristina de la Malla, John W Schwieter, Lyudmila N Muranova, Jitu Lv, Ting Luo, Irene Sperandio, Mizuki Matsuda, Karin Petrini, Anthony D Wagner, Shivam Kalhan, Gil G. Westmeyer, Seiya Kobatake, Haruka Taira, Sarah Said-Y\u00fcrekli, Anja S G\u00f6ritz, Hans-Peter Fuehrer, Woon Yoon, "
    }, {
        "topic": "difference level group",
        "keywords":"group, level, difference, blood, significant, score, significantly, change, mean, body",
        "authors": "Vanja P Nickovic, Guan Qun Zhu, Yutaka Yoshida, Jong Hyuck Weon, Quan-Xi Qiao, Chul-Hong Koo, Hafza Tola, Huseyin Eren, Manuel Torres L\u00f3pez, Lin Wu, Amjad Al Taki, Camila Ferreira-Vorkapic, Daniela Klenke, Yoshiko Arima, J Soutelo, Yoshihiko Minegishi, Susana Rubido, Seung Min Ryu, Joo Won Park, Yeong-Jun Park, Wenshi Liao, Hongming Ji, Teiko Yoshizuka, Norio Imai, John E Markert, Ji-Hye Kwon, Dijana Miric, Shuyong Jia, Zhiqiang Gao, Christian Kremser, Simone Sferra, Peifen Liang, Dali Chen, G Y B\u00e9d\u00e9carrats, Jiyun Nie, Albertine E Smit, Kazuhiro Toriyama, Selvaraj Arokiyaraj, Hyun-Ho Choi, Su-Fang Shi, Elwy Soliman, Masahiro Kinoshita, Luke W Bonham, Sirio Cocozza, Kyung Sue Hong, Azita Behzad, "
    }, {
        "topic": "cost case care",
        "keywords":"care, case, cost, hospital, year, health, testing, diagnostic, treatment, test",
        "authors": "Noriah Maraba, Chaitawat Sa-Ngamuang, Christian Steinberg, Oliver A Cornely, Ankur Pandya, Neeraj Raizada, Hannah Evans, Taurayi A Tafuma, Liem B Luong Nguyen, Yoshiro Hadano, Habakkuk Azinyui Yumo, Anne-Marie Burn, Sumit Goyal, Sang-Eun Han, Monish S Raut, Katsuya Endo, Eiichiro Iwata, Eui Hyuk Chong, Waleed M Alshehri, Marie Brunetti, Anne Schendel, Ma\u0142gorzata W\u0119gierska, Rakesh Aggarwal, Shifa Salman Habib, Sibel Dogan, Martha Alvarado-Ibarra, Kennan Murray, Kellen Welch, John V Lamont, Maureen Watt, Evangelos Giannitsis, Salvatore Brugaletta, Tim Doran, Hee Hwang, Jennifer E Cohn, Sunil D Khaparde, Christopher Kuaban, Nada Boutrid, Merc\u00e8 Rosinach, Kanefumi Yamashita, Dana Bruden, Serife Savas Bozbas, Benson R Kidenya, Hideki Shigematsu, Vivek Shanmugam, Joseph Mogunde, Reginah Msandiwa, Tegene Legesse Dadi, Patricia Bartholomay, Abyot Bekele Woyessa, Philip Teg-Nefaah Tabong, "
    }, {
        "topic": "plant specie protein",
        "keywords":"protein, specie, plant, sequence, enzyme, genome, gene, bind, identify, water",
        "authors": "Widya Paramita Lokapirnasari, Sergey N Buldovicz, Wendy K Jo, Xinyu Chen, Wen Wang, Victor Pui-Yan Ma, Hui Yu, A T Vincent, Di Luo, Yagul Pedraza-P\u00e9rez, Jacek Urbaniak, Avat Shekoofa, Mohammadjavad Jafari, Simon Fuchs, Jonathan A Arnesen, Ning Yuan, Daya Marasini, Jonathan I Watkinson, Huafang Shi, Ratna Prabha, Jie Wang, Man Kit Cheung, Brandee M S S Goo, Natsuko Miura, Lijing Xing, Han-Yuan Zhang, Rieko Matsuura, Tatyana Gorshkova, Yuan Li, Yan Liu, Marie Barbier, Guido Maiello, Elaheh Hashemi, Erika LaPlante, Kohtaro Iseki, Marine Lacoste, Christoffer Berner, Ilona Mieczys\u0142awa Czyczy\u0142o-Mysza, Tereza Kubasova, Song Wang, Maximilian Lauterbach, Pradeep Yerramsetty, Britta M C K\u00fcmpers, Udo Gowik, Hengfu Yin, Masahiro Takeya, Xiaolan Rao, Roxana Khoshravesh, Elena V Voznesenskaya, Parimalan Rangan, Robert J DiMario, Julia Mallmann, David M Emms, Ben P Williams, Andrew J Simkin, Sylvain Aubry, Harshini Pinto, Karolina Heyduk, Lillian Hancock, Jianfang Xu, Maxim V Kapralov, Andrea Br\u00e4utigam, Pascal-Antoine Christin, Yi He, Katia Silvera, Meeta Sunil, Sascha Engelmann, Yong Shi, Richard Poir\u00e9, Laure Michelet, Michelle Holtappels, Zhi-Guo Dong, Shahid Y Khan, Michael P. Ledbetter, Alan Perez-Rathke, Yang Hai, Sophie B. Sun, Aaron W. Puri, Liudmila Voronina, Zebulon G. Levine, Arpa Hudait, Derek K. O\u2019Flaherty, Dmitrii Y. Travin, Hayama Tsutsumi, Nina Franko, Alisa Yurovsky, Harry Bohle, Matloob Anwar, Zhiqiang Xiong, N Russell, Babatunde Shittu Olasege, Yadong Zhang, Milind Watve, Daniel R Matute, Surui Wu, Dan Liang, Young-Chul Joo, Andrew Yu Morozov, Ryo Hoshina, Yuyan Chen, Jiangfei Chen, Joanna Ma\u0142agocka, Dawit B Kidanemariam, Anand B Karki, Nicoletta Villa, Yunlin Zhou, Chong Kim Wong, Julie Zumsteg, Kyung Choi, Chie Teratani, Sidinei M Thomaz, Priya Shukla, Vivian C Paulun, Sigal Abramovich, Mehdi Forouzandeh, Lara Souza, Yu Takahashi, Simon J Perry, Rotem Sorek, Shalabh Dixit, Aino Kalske, Pen\u00e9lope Aguilera, Thierry Jauffrais, Mario Kallenbach, Simone Cesarz, Dong Soo Kim, Stefan Scheu, Hongwei Pan, Taisheng Du, Min Jung Kwon, L Niel Allen, Pilar Morales, Steven J Burgess, T\u00e2nia S Serra, Hao-Bo Guo, Tiit P\u00e4rnik, Karl-Josef Dietz, Iain G Johnston, Stefanie Sultmanis, J Andrew C Smith, Monica Arakaki, Junliang Fu, Xavier R R Sirault, Arun K Hariharan, Anika Wiese-Klinkenberg, Mirko Zaffagnini, Mario A Fares, Man Lyang Kim, Mariana Peimbert, Cl\u00e9ment Bouvier, Yifeng Wang, Jon Clardy, Olivier Berteau, Peter G. Schultz, Wilfred A. van der Donk, Heedeok Hong, Chu Wang, Tom W. Muir, Armen Zakarian, Kalina Hristova, Danica Galoni\u0107 Fujimori, Natalia Mrnjavac, "
    }, {
        "topic": "intervention trial clinical",
        "keywords":"clinical, trial, intervention, risk, evidence, outcome, review, symptom, assessment, finding",
        "authors": "Assad Munis, Glen Gejerman, Hossam Abubakar, Iker Falces-Romero, Kymora B Scotland, Tianjing Li, Pavel Montes de Oca Balderas, Damian J Mole, Myriam Cielo P\u00e9rez, Valeria Fabre, K N Srivastava, Charbel Aoun, David R Dobies, Berna Akinci Ozyurek, Vaishnavi Boppana, Jordan K Schaefer, Priscilla R Powell, Ahmed S Ahmed, Hazel Pinheiro, Kanji Tanaka, Ana V Diez Roux, Ying Qian, Peter Zahradka, Jonathan A Fallowfield, Annette Rid, Sanja Kezic, Mark P Jensen, Paul A Sieving, Farideh Mohtasham, Dalia M Moheb, Mehrdad Hosseinpour, Henok Taye, Luis Felipe Romero Moreno, "
    }, {
        "topic": "state structure reaction",
        "keywords":"reaction, structure, state, surface, metal, complex, formation, electron, bond, material",
        "authors": "Magdalena Luty-B\u0142ocho, Chunjin Wu, Min Wu, Shu-Xin Miao, Ma\u0142gorzata Kostrzewa, Ji-Hun An, He Yang, Chih-Yu Chen, Abhilasha Pant, Lingchao Li, Zhi-Wei Wang, Andrew G McDonald, Dengwang Zhou, Wei Wang, Lunjie Zeng, Meng Qiao, Kiyong Ahn, Andrei D Trofimuk, Christos T Santis, Robbyn Trappen, Makoto Asai, Minghui Zhang, Fakhar Zaman, Yuan Pan, Ricardo D Fern\u00e1ndez, Yoshiki Nakata, Prabhatasree Goel, Daniela Frauchiger, Xiao-Min Hu, Jonne Niemi, Rolf Sybren Postma, Hiroya Sasaki, Rongrong Yin, Tomoaki Sasaki, Konstantinos I. Papadimitriou, Slavom\u00edr Nem\u0161\u00e1k, Justyna Likus-Cie\u015blik, Demid V Sychev, Nikhil Bagalkot, G M Vanacore, Shi Wu, Hongyuan Zhao, Te-Hui Wu, Jian Luo, Qigang Zhong, Ruijuan Feng, Dan Guo, Mohammad Rafiee, Sai Chaitanya Chiliveri, Yunxiang Wu, Xue-Lu Ma, Chong Chen, Samuel N. Gockel, Jianfeng Zhou, Minjie Guo, Zachary T. Ariki, Shao-Chi Cheng, Daniel Rosario-Amorin, Haiwen Tian, Yong Luo, Dong Luo, Bin Zhang, John J. Molloy, Sigrun Rumpel, Julie L. Hofstra, Liu Leo Liu, Subrata Kundu, Kaitlyn M. Logan, Hengbin Wang, Adam Jonathan Proud, Tyler J. Whittemore, Shaofei Wang, Taryn D. Palluccio, James A. Wilson, Masaya Matsuki, Teresa Bartholomeyzik, Gustav Nestor, Joan Gallardo-Donaire, Akira Iyo, Andrew W. Cook, Bowen Huang, Eric E. Benson, Dmitry Lebedev, Ning Zhou, Jiajing Wu, Xiao-Yan Bai, Yilei Wu, Shuxing Bai, Luciano H. Di Stefano, Benedict Kemper, Dhananjay M. Bhandari, James T. Payne, Xiong Zhou, Jun Pan, Guowen Kuang, Pabitra K. Nayak, Tian-Tian Zhao, Shuai Wang, Si Li, Kangnan Li, Jin-Xian Feng, Victor Chun-Hei Wong, Kshatresh Dutta Dubey, Charles Lochenie, Guangrong Meng, Qilei Zhu, Wilson C. Ho, Long Zhang, Ramesh Giri, Rebecca A. Durr, Hoimin Jung, Yasuhiro Arikawa, Julian B\u00f6hnke, Kui Tan, Xing Han, Hongwei Chen, Brian S. Dolinar, Mar\u00eda Carmona, Daniel A. Ciulla, Oleksandr Stetsovych, Xiaoyan Zhang, Youngjun Lee, Jie Zhu, Megan N. Jackson, Kan Sato, Zhao-Yang Wang, SiRim Kim, Izumi Yonekawa, Shunsuke Sakurai, Christian S. Diercks, Jordan N. Smith, Li-Jie Cheng, Christian R. Zwick, Zachary X. Giustra, Kohei Matsui, Matthew R. Porter, Xingyu Jiang, Joseph F. DeJesus, Wei Lu, Francis Forster, Qiuming Liang, Arismel Tena Meza, Francesco Manoni, Daisuke Koyama, Shao-Qing Zhang, Laura Falivene, Michael S. Denny, Aliaksandr V. Yakutovich, Abigail S. Knight, Kenji Shirai, Pradip Pachfule, Yiren Zhong, Caleb Karmel, Gemma M. Adams, Yao Yao, Liang Wei, Thomas G. Ribelli, Tomoki Ogoshi, Hao-Yi Du, Renee W. Y. Man, Sayan Kar, Sangen Zhao, Jia-Wei Liu, Anhua Hu, Anastasia Leventis, Richard Y. Liu, Alexander C. Forse, Shane S. Galley, Francesc Bejarano, Hui Wang, Ye-Fei Li, Xue-Sen Hou, Daniel Saliba, Yulian He, Prasenjit Mondal, Jia Guan, N. Lokesh, Daniel J. Tindall, Amin Morteza Najarian, Dengfeng Li, Timothy A. Barendt, Weidi Cao, Changjian Xie, J. Luke Koniarczyk, Matthew T. Knowe, Sarah S. Park, Jorge Albalad, Chaofeng Zhang, Carmelo E. Iacono, Fabiola Zapata, Naoki Hashimoto, Andreu Tortajada, Zhaoyang Yao, Khetpakorn Chakarawet, Brian M. Peterson, Xiaohong Huo, Torben Sick, Mark Burgess, Jordi Mart\u00ednez-Esa\u00edn, Thomas Wittmann, Prem Lama, C\u00e9dric Bourg\u00e8s, Mari Shibata, Max M. Hansmann, Zongyao Li, Benjamin W. Stein, Yafei Gao, Jingjing Jiao, Yang Gao, Shan Xu, Christoph Heinz, Erik Andris, Brendan D. Folie, Benjamin M. Wolf, Astrid M. Olivares, Hiroki Sato, Peng Xiong, Padon Chuentragool, Jin-Xin Zhao, Marcus J. Giansiracusa, Alexander J. Kendall, Mingzhao Chen, Corey J. White, Guocan Li, Dominik P. Halter, Qi Zheng, Gen Zhang, Jiangping Xu, Youming Huang, Muhammad Imran, Yingxue Bian, Zhiqi He, Shelley D. Minteer, Yuuya Nagata, Ying Liu, Yang Xiong, Lisa Olshansky, Gang-Wei Wang, Daniel W. Terwilliger, Andrea Van Wyk, Nathan J. Adamson, Daisuke Uraguchi, Abaid Ullah Malik, Hiromichi Egami, Xiao-Yang Chen, Konstantin V. Bukhryakov, William Cullen, Vicente Mart\u00ed-Centelles, Mingoo Jin, Bei Jiang, Martin Byrdin, Junrui Li, Thomas Nijs, Jongkook Hwang, Ben A. Johnson, Takaumi Morita, Benjamin J. Shields, Michael E. Ziebel, Zhaowen Dong, Pengfei Li, Janis Jermaks, Daniel J. Tao, Trevor V. Nykaza, Ze-Peng Yang, Jian Chuan Ye, Subhajit Pal, Xuewei Zhang, Kecheng Jie, Qing-Yuan Meng, Rulin Ma, Maximilian H. H. Wurzenberger, Daniels Posevins, Judit Oliver-Meseguer, Saner Poplata, Shelby L. Hooe, Yue Sun, Yuchao Zhang, Zhongda Pan, Dominik J. Kubicki, Milan Schirowski, Wenqi Liu, Nicola L. Bell, Alexander C. Lygo, Debabrata Mukherjee, Miguel I. Gonzalez, Kimberly H. Hartstein, Valerie A. Schmidt, Lizhong He, Chirag D. Gheewala, Marco Di Giovannantonio, Elvis Wang Hei Ng, Hao Wang, Zhonglin Tao, Gr\u00e9goire Paille, Ji-Song Yao, Tongdao Wang, Masamichi Tanaka, Douglas R. Nevers, Lu Yan, Tan Yan Bing, Adisak Chatupheeraphat, Bryan A. Rosales, Dong Yang, Lingling Mao, Rub\u00e9n Rizo, Noritake Murakami, Chong Liu, Ali Seifitokaldani, Tsunetomo Yamada, Kensuke Kobayashi, Demetris Bates, Yashraj S. Kulkarni, Naoyuki Toriumi, Takeshi Yamamoto, Chung-Wei Kung, Jingfang Zhang, Patrick W. Smith, Min Luo, Xingxing Zhang, Ruixi Fan, Qian Peng, Jeffrey Camacho-Bunquin, Yong Yan, Xueqin Wei, Wusheng Guo, Ivan V. Tereshchenko, Gonzalo Anguera, Onyu Jung, Qing Zhe Ni, Jacobs H. Jordan, Garrett L. Sternhagen, Ian G. Powers, Yusuke Sunada, Rong Ye, Xinxin Tang, Jinghua An, Erwin G. Abucayon, Daichi Kitagawa, Kaila A. Margrey, Yanpeng Zhu, Felipe Fantuzzi, Elisabetta Arca, Yusuke Nakakuki, Katarzyna \u015awiderek, Hua Sheng, Inchul Shin, Jan Paulo T. Zaragoza, Andy A. Thomas, Yulei Wang, Swechchha Pandey, Matthew J. Harper, Peter J. Stang, Xinyu Guan, Lucas W. Hernandez, Jonathan L. Kuo, Georgina E. Shillito, Jin-Xun Liu, Yusen Qiao, Zongbi Bao, Arya Thampi, Hiroki Yokoi, Robert B. Wexler, Elizabeth S. Ryland, David A. Petrone, Joseph M. Dennis, Soobin Kim, Greg A. Mutch, Tamar Wolf, Maxim V. Ivanov, Guodong Feng, Steven M. Sartor, Xiang Liu, James E. M. Lewis, Katrina M. Mennie, Kenji Mochizuki, Kewei Sun, Adrien J. G\u00f6ttle, Hai Bi, Tzia Ming Onn, Moritz W. Schreiber, Li-Xuan Cai, D. Matthew Peacock, Manoj Kumar, Peng-Cheng Duan, Qianli Chu, Nicol\u00e1s A. Grosso-Giordano, Adam S. Weingarten, Erica K. J. Lui, Cai You, Liang Zhang, Shermin S. Goh, Emre H. Discekici, Biao Cheng, Rui Shang, Preston M. MacQueen, Christoph Helling, Blaine G. McCarthy, Sawako Yokota, Rong Zhu, Rui Sang, Bridget A. Connor, Zhiwei Fang, Jing Hou, Xuzhou Yan, Joseph A. Christensen, Hai-Jun Zhang, Qian Shao, Oussama Yahiaoui, Kazuto Takaishi, Julia Nomrowski, Ying Xia, Yin-Xia Wang, Fedor Romanov-Michailidis, Fedor M. Miloserdov, Luis Sim\u00f3n, Zhen Li, Jie Zhong, Ruirui Gu, Charles H. Arnett, Qian Zhang, Ting Han, Anastasia Voevodin, Crystal K. Chu, Peng Teng, Ting Yi Lai, Miao Qi, Tatsuya Higaki, Nicholas A. Till, Shuying Nong, Kang Cai, Subhasree Kal, Mingyu Liu, Ashley C. Felts, Jianwen Jin, Yu-Bin Bai, Harshkumar H. Patel, Taiki Fujita, Guangcheng Wu, Xiaowei Wu, Eric A. Marro, Lacheng Liu, Mohamed I. Hashim, Hidde Elferink, Yanhui Lu, Stephen D. P. Fielden, Vladimir Ya. Lee, Arun Jyoti Borah, Yanli Yin, Yingfeng Wang, Tiesheng Wang, Daxiang Gui, David Kuhness, Zhonglin Liu, Misun Hong, Keiji Mori, David N. Vaccarello, Ansoo Lee, William A. Ogden, Ying Cheng, Guoliang Liu, M. R. Ajayakumar, Aliya S. Lapp, Yassine Beldjoudi, Shentang Wang, Shahnawaz Rafiq, Rachel C. Klet, Jin-Wook Lee, Motoki Takeda, Hanah Na, Subhankar Saha, Ning Huang, Justin A. Modica, Michael. T. Huxley, Guofeng Liu, Bing Shan, Xiuyuan Li, Yu-Peng Zhang, Azhar I. Carim, Peng-Xiang Shen, Jordan A. DeGayner, Miguel Ochmann, Baran Eren, Solrun Gudjonsdottir, Carol Hua, Ryo Takahata, Ryo Kuriki, Jiajing Zhang, Pu Zhao, Barry M. Trost, Xi-Meng Chen, Mahdi Hesari, Kenichi Kaminaga, Jia-Yan Liang, Julie L. Fenton, Zhongjia Tang, Min Zhou, Lina Li, Craig C. Robertson, Tsehai A. J. Grell, Xufang Liu, Yogesh Kumar Maurya, Arnaud Thevenon, Gwendolyn A. Bailey, Maciej D. Korzy\u0144ski, Xiaobing Hu, Yifan Yao, Yann Le Gal, Tyler J. Slade, Ka-Pan Shing, Shiqi Jia, Naofumi Hara, Kirk W. Shimkin, Xinxin Shao, Pengcheng Wu, Seung Hyeon Ko, Noah P. Dunham, Priyabrata Ghana, Rebecca A. Musgrave, Zachary W. Davis-Gilbert, Yoichi Hoshimoto, James V. Passarelli, Abhinanda Kundu, Julie A. Peterson, Daniel P. Donnelly, Xingjie Zhang, Yuanjun Chen, Xiaoxu Qi, Jing Su, Claudio Cometto, Rohan R. Merchant, Shaoqi Zhan, Aaron Petronico, Geoffrey E. Purdum, Daniel T. Walters, Jon A. Bender, Taiming Zhang, Xian-Sheng Ke, Xuezhen Kou, Michael W. Ratzloff, Martin Herder, Pu Duan, Chern-Hooi Lim, Chenjie Lu, Pablo G. Lustemberg, C\u00e9line Pichon, Ana\u00efs Mairena, Xin Zhang, Sheng-Biao Tang, Brian P. Woods, Kelsey E. Poremba, Satoshi Takamizawa, Johannes Nokkala, Bruno R Matos, Ashish C Gandhi, Hisako Hara, Seong Won Cho, Lifang Lan, Marek Wojnicki, Hongxin Liu, Weibo Hua, Mohammad Hassan Ehrampoush, T Yarman, Chunfang Chen, Saira Khatoon, Ren-Hua Luo, Hui-Min Gao, Masanobu Uchiyama, Michael Goertler, Bongseok Choi, Abayomi Emmanuel Modupe, M Frank, Jong-Ho Lee, Ali Jafari, Qiumeng Chen, Avadh Saxena, Xiufeng Yang, Qingbai Wu, Hyug-Moon Kwon, A C Garcia-Castro, Haiqin Wen, N P Hartland, Shameera Ahamed T K, Fengliang Long, Naoya Komatsuzaki, Martin Ellguth, Giulia Iadevaia, Marie Collin, Timothy No\u00ebl, Yaolong Zhang, Hidetaka Kasai, John W Spencer, Ranfeng Wu, S Jezouin, Mathias Gehlmann, Haiyang Xu, I Madan, Chunmeng Sun, Ying Wu, Chih-Tse Chang, Daniel Ebeling, Xiaoqing Zeng, Shannon S. Stahl, Jie-Peng Zhang, Bing Zhou, Jun Li, Kami L. Hull, Eiichi Nakamura, Yonatan Dubi, Cathleen M. Crudden, Li-Jun Wan, Prashant V. Kamat, Jeffrey S. Moore, Rodolphe Cl\u00e9rac, Lixin Zhang, Xiue Jiang, Zhaomin Hou, Dan Li, Francis L. Pratt, Tomislav Rovis, Sarah E. Reisman, Douglas W. Stephan, Herbert W. Roesky, Philippe Renaud, M. Kevin Brown, Nathan T. Jui, Tsunehiro Tanaka, Xiangfeng Duan, Claudia Turro, Carl D. Hoff, Matthew L. Becker, James P. Lewis, Nobuo Kimizuka, Jan-E. B\u00e4ckvall, Manfred T. Reetz, Oscar E. Vilches, Tamotsu Inabe, M. Saiful Islam, Stephen A. Moggach, Mercouri G. Kanatzidis, Trevor W. Hayton, Thomas W. Chamberlain, Gilles Frapper, Wenbin Lin, Elisa M. Miller, Yulia Pushkar, F. Dean Toste, Tae-Lim Choi, Yi Xie, Guodong Tang, Bi-Jie Li, J. Fraser Stoddart, Xiaoqing Huang, Lizhi Zhang, A. Paul Alivisatos, Takayuki Hirai, Roman A. Zubarev, Pol Besenius, William A. Goddard, Kai Wu, Osman M. Bakr, Nian Lin, Henry J. Snaith, Hao Wei, Philip P. Power, Shuang-Quan Zang, Steven J. Malcolmson, Xianran Xing, Stephen L. Buchwald, Gao-Ren Li, J. Paul Attfield, Rei Kinjo, Vivian Wing-Wah Yam, Sason Shaik, Birgit Weber, Thomas J. Meyer, Michal Szostak, Yong Huang, Robert R. Knowles, Robert M. Waymouth, Jack W. Szostak, John F. Hartwig, Sean T. Roberts, Ronald N. Zuckermann, Tom E. Stennett, Ding Ma, Matthew S. Sigman, Sang Il Seok, Jinbo Hu, Yong Cui, Dirk M. Guldi, Kim R. Dunbar, Daniel Carmona, Franklin Feng Tao, Marc A. Hillmyer, Amanda J. Morris, Yogesh Surendranath, Kenichi Oyaizu, Thomas C. W. Mak, George K. H. Shimizu, Omar M. Yaghi, Song Gao, Nigel T. Lucas, Shaojun Dong, Neal P. Mankad, Hans Renata, Jean-Marie Lehn, Niels H. Damrauer, Takuji Hatakeyama, Guosheng Liu, Joseph J. Topczewski, Chunming Cui, Eric J. Schelter, Chad A. Mirkin, Lichen Yin, Jeffrey F. Van Humbeck, David M. Jenkins, Datong Song, Yi Tang, Michael J. Krische, Andrew J. Orr-Ewing, Angela Lombardi, Stefan Mecking, Mercedes Alonso, Gordon J. Miller, Seth M. Cohen, Yvain Nicolet, Craig J. Hawker, Yoshiyasu Matsumoto, Johannes Schmidt, Clare P. Grey, Karen L. Wooley, Hailiang Wang, Hannah S. Shafaat, Andrew S. Weller, Chun-Jiang Wang, Krzysztof Matyjaszewski, Tada-aki Yamagishi, Zhixiang Wei, Ming-Tian Zhang, Benjamin G. Davis, G. K. Surya Prakash, Richard I. Walton, Junhua Luo, Lan-Sun Zheng, Deryn E. Fogg, Zhiwei Zuo, Hugo Bronstein, Yong Zhang, Jeffrey A. Reimer, Nicola Lanat\u00e0, N\u00faria Crivillers, R\u00e9mi Beaulac, Jong-Beom Baek, R. David Britt, Zhi-Pan Liu, Jessica M. J. Swanson, Mohamad Hmadeh, Lisa D. Pfefferle, Aidan R. McDonald, Michael W. George, Jonathan L. Sessler, Kyoko Nozaki, Alois F\u00fcrstner, Richard L. McCreery, Zhifeng Ren, He Tian, Paul D. Beer, Choon-Hong Tan, Ben Zhong Tang, Feng Wang, Hua Guo, Ryuhei Nakamura, Mircea Dinc\u0103, Xumu Zhang, Daniel Maspoch, Pedro Molina, Minoru Hayashi, Ruben Martin, Alex K.-Y. Jen, Jeffrey R. Long, Wanbin Zhang, Thomas Bein, Ram\u00f3n Y\u00e1\u00f1ez, Juergen Senker, Leonard J. Barbour, Yunho Lee, Kenichiro Itami, Guy Bertrand, Martin L. Kirk, Liang Deng, Alan S. Goldman, Junliang Zhang, Abigail G. Doyle, Nicola Armaroli, Eric V. Anslyn, Luisa De Cola, Hong-Cai Zhou, Reiner Anwander, Ang Li, Zhimei Sun, Song Lin, Daniel J. Weix, T. Don Tilley, Hai-Chao Xu, Vladimir Gevorgyan, Nicholas F. Chilton, Jeffrey R. Harmer, Michael T. Mock, Pingshan Wang, Satoshi Horike, Yadong Li, Mitchell A. Winnik, Masahiro Terada, Amir H. Hoveyda, Jason F. Weaver, Xinfeng Tang, Nobuhiro Sato, Ellen M. Sletten, Zhihui Dai, A. S. Borovik, John F. Bower, Dirk Trauner, Takashi Ooi, Huibin Qiu, Yoshitaka Hamashima, Peter M\u00fcller, Guo-Cong Guo, Paul J. Lusby, Hajime Ito, Wen-Bin Cai, Edward H. Sargent, Xuefei Xu, Thomas A. Jung, Burkhard K\u00f6nig, Bernhard V. K. J. Schmidt, Sascha Ott, Masahiro Yamashita, Gerald J. Meyer, Thomas M\u00fcller, K. N. Houk, Sharon Hammes-Schiffer, Larry E. Overman, Alexander T. Radosevich, Shu-Li You, Quan Feng Dong, Li-Biao Han, Todd M. Squires, Liu-Zhu Gong, Andreas F. M. Kilbinger, Lishan Yao, M. Christina White, Avelino Corma, Teri W. Odom, Keary M. Engle, Charles W. Machan, Can Li, Jincai Zhao, John B. Goodenough, Xiaoming Feng, Michael Gr\u00fcnwald, David W. C. MacMillan, Christopher J. Douglas, Lyndon Emsley, Jason B. Love, David C. Johnson, Jun Okuda, Paul J. Chirik, Zhikun Wu, Shangfeng Yang, Jonathan Clayden, Roman Fasel, Pauline Chiu, Jeffrey S. Bandar, Frank Glorius, Jean\u2019ne M. Shreeve, Jin-Quan Yu, Scott E. Denmark, Jin-Song Yang, Anne Dolbecq, Gerhard Erker, Richard D. Robinson, James P. Morken, Junpei Yuasa, Magnus Rueping, Bruce C. Gates, Manabu Kiguchi, H\u00e9ctor D. Abru\u00f1a, An Pang Tsai, Reiji Kumai, Richard T. Oakley, Maksym V. Kovalenko, Shina C. L. Kamerlin, Zheshuai Lin, Zuowei Xie, Michael B. Hall, Massimiliano Delferro, Martin Schr\u00f6der, Cheng Yang, Ren-Gen Xiong, Arjan W. Kleij, Dan Zhao, Henry S. White, Lars Berglund, James M. Mayer, Christopher Uyeda, Dongyuan Zhao, Gabor A. Somorjai, Zheng Huang, David P. Goldberg, Aiwen Lei, George B. Richter-Addo, Erik J. Alexanian, Jiaobing Wang, Frank W\u00fcrthner, Andriy Zakutayev, Kenji Matsuda, Aimin Liu, Samir H. Chikkali, Christopher A. Russell, Harry W. Gibson, Ekaterina V. Pletneva, Nicolai Cramer, Shilun Qiu, Juewen Liu, David Sarlah, Jack R. Norton, Keith C. Gordon, Ksenija D. Glusac, Emiel J. M. Hensen, Banglin Chen, Akshay Rao, Jeroen D. C. Cod\u00e9e, Hiroshi Shinokubo, Erick M. Carreira, Kimoon Kim, Dongwhan Lee, David Vega-Maza, Cl\u00e9ment Mazet, Boris Rybtchinski, Rajendra Rathore, Jihong Yu, Xiaodan Zhao, Stephen M. Goldup, X. Peter Zhang, Eric N. Jacobsen, Dana D. Medina, Lifeng Chi, Marc T. M. Koper, Johannes V. Barth, Raymond J. Gorte, Qing Lin, Qing-Fu Sun, Stefan Matile, Joseph S. Francisco, Ute Resch-Genger, Franc Meyer, Leonard R. MacGillivray, Samuel I. Stupp, John V. Badding, Laurel L. Schafer, David A. Leigh, Ben L. Feringa, Nancy R. Sottos, Mark Stradiotto, Emmanuel Lhuillier, Xiong Wen David Lou, Hai-Bo Yang, Stephan Schulz, Sergey V. Pronin, Garret M. Miyake, Hiroshi Fujii, Timothy M. Swager, Matthias Beller, Hemamala I. Karunadasa, Guihua Yu, Dennis G. Hall, Michael R. Wasielewski, Tadashi Ema, Wenping Hu, Oliver S. Wenger, Guangbin Dong, Harry L. Anderson, Jan C. M. van Hest, Chuang-Chuang Li, Yun Hee Jang, Robert S. Paton, Peter H. Seeberger, Antonio Facchetti, Xiaogang Peng, Christophe L\u00e9ger, Herbert Mayr, Theodor Agapie, Mei-Xiang Wang, Melanie S. Sanford, Xavier Roy, Robert H. Grubbs, Hitoshi Miyasaka, Yu-Ming Zhao, Jianfeng Cai, Elsa Reichmanis, Jeffery A. Byers, Leslie J. Murray, Celso de Mello Doneg\u00e1, Andrew A. Gewirth, Lawrence Que, Daniel R. Talham, Philip Wai Hong Chan, Liming Zhang, Kanishka Biswas, Christopher Barner-Kowollik, Motomu Kanai, Carsten Milsmann, Richard P. Van Duyne, Guochun Yang, John A. Porco, Rebekka S. Klausen, Armido Studer, Judy I. Wu, Thomas J. Boltje, Kazuaki Ishihara, I\u00f1igo J. Vitorica-Yrezabal, Jonas C. Peters, Hans-Joachim Freund, Chaozhong Li, Nathaniel L. Rosi, G. Marius Clore, Takahiko Akiyama, Geoffrey W. Coates, Zhibin Guan, Colin Nuckolls, Xinliang Feng, Shohei Saito, Richard M. Crooks, Jeremy M. Rawson, Wei Chen, Gregory D. Scholes, Tatjana N. Parac-Vogt, Thomas S. Teets, Christopher J. Sumby, Stefan Hecht, Yanli Zhao, Tatsumi Ishihara, Neil K. Garg, T. David Harris, Miquel Salmeron, Arjan J. Houtepen, Deanna M. D\u2019Alessandro, Tatsuya Tsukuda, Shik Chi Edman Tsang, James J. Cregg, Xuenian Chen, Tomoteru Fukumura, Christoph Boehme, Arnold M. Guloy, Xile Hu, Dong Wang, Michael C. Young, Qiang Liu, Hiroyuki Furuta, Charlotte K. Williams, Yimei Zhu, Paolo Samor\u00ec, Dominique Lorcy, Chi-Ming Che, Hailong Yan, David Milstein, Alexander M. Spokoyny, Yoshiaki Nakao, John Montgomery, Qiang Yan, Ryong Ryoo, Shu Seki, Jianhui Hou, E. W. Meijer, Alexander C. Filippou, Jonathan S. Owen, Ian Manners, Ian A. Tonks, Kazushi Mashima, Jeffrey N. Agar, Yuanhong Liu, Zhipeng Yu, Kevin D. Moeller, Wilhelm T. S. Huck, Ping Yang, Donglin Jiang, Qi-Lin Zhou, M\u00e5rten S. G. Ahlquist, Yueh-Lin Loo, J. Michael Gottfried, Alan L. Balch, Jongcheol Seo, Natalia B. Shustova, Lizong Dai, Klaus Schmidt-Rohr, Jos\u00e9 A. Rodriguez, Jean-Pascal Sutter, Christian W\u00e4ckerlin, Leo Syrj\u00e4nen, Lei Liao, Milim Lee, Huayao Chen, "
	}
]
}
